engine_id,symbol,engine,side,entry_ts,exit_ts,net_r,outcome,base_risk,priority,risk_r,portfolio_r,pair_risk_before,total_risk_before
EURUSD::NEW::ASIA_SWEEP_EXPANSION_FVG_SHORT,EURUSD,ASIA_SWEEP_EXPANSION_FVG_SHORT,SHORT,2023-11-28 16:35:00,2023-11-28 16:47:00,-1.13320647002856,SL,0.65,20,0.65,-0.7365842055185641,0.0,0.0
GBPJPY::NEW::LONDON_SWEEP_EXPANSION_LONG_V7,GBPJPY,LONDON_SWEEP_EXPANSION_LONG_V7,LONG,2023-11-30 11:25:00,2023-11-30 16:26:00,3.847512263559002,TP,0.8,21,0.8,3.078009810847202,0.0,0.0
GBPJPY::NEW::LONDON_SWEEP_EXPANSION_LONG_V7,GBPJPY,LONDON_SWEEP_EXPANSION_LONG_V7,LONG,2023-12-04 11:20:00,2023-12-04 11:33:00,-1.228479582453077,SL,0.8,21,0.8,-0.9827836659624616,0.0,0.0
USDJPY::EXTRA::USDV2_M2,USDJPY,USDV2_M2,SHORT,2023-12-04 16:35:00,2023-12-04 17:01:00,2.8971364000001016,TP,0.65,10,0.65,1.8831386600000661,0.0,0.0
USDJPY::EXTRA::USDV2_M2,USDJPY,USDV2_M2,SHORT,2023-12-05 16:50:00,2023-12-05 16:59:00,-1.1168256888167805,SL,0.65,10,0.65,-0.7259366977309073,0.0,0.0
GBPJPY::BASE::LONDON_OR_FALSE_REV_LONG,GBPJPY,LONDON_OR_FALSE_REV_LONG,LONG,2023-12-06 10:50:00,2023-12-06 16:49:00,0.1108974328940676,TIME,0.65,7,0.65,0.07208333138114395,0.0,0.0
USDJPY::BASE::LONDON_OR_BREAK_CONT_SHORT,USDJPY,LONDON_OR_BREAK_CONT_SHORT,SHORT,2023-12-07 10:30:00,2023-12-07 16:29:00,1.524874634581177,TIME,0.5,12,0.5,0.7624373172905885,0.0,0.0
EURUSD::NEW::ASIA_SWEEP_EXPANSION_FVG_SHORT,EURUSD,ASIA_SWEEP_EXPANSION_FVG_SHORT,SHORT,2023-12-07 16:35:00,2023-12-07 17:31:00,-1.1334604385128733,SL,0.65,20,0.65,-0.7367492850333677,0.0,0.0
USDJPY::BASE::LONDON_OR_FALSE_REV_LONG,USDJPY,LONDON_OR_FALSE_REV_LONG,LONG,2023-12-08 11:05:00,2023-12-08 14:04:00,1.0286860405716682,TIME,0.65,9,0.65,0.6686459263715844,0.0,0.0
GBPJPY::BASE::NY_OR30_BREAK_CONT_LONG,GBPJPY,NY_OR30_BREAK_CONT_LONG,LONG,2023-12-08 17:25:00,2023-12-08 20:24:00,2.45099684465348,TIME,0.8,5,0.8,1.9607974757227842,0.0,0.0
GBPJPY::BASE::NY_LONDON_SWEEP_REV_LONG,GBPJPY,NY_LONDON_SWEEP_REV_LONG,LONG,2023-12-08 17:25:00,2023-12-08 20:32:00,2.922099783791812,TP,0.35,8,0.25,0.730524945947953,0.8,0.8
USDJPY::BASE::NY_OR30_BREAK_CONT_LONG,USDJPY,NY_OR30_BREAK_CONT_LONG,LONG,2023-12-08 18:25:00,2023-12-11 00:28:00,1.2358027923938202,TIME,0.5,11,0.5,0.6179013961969101,0.0,1.05
USDJPY::BASE::LONDON_OR_FALSE_REV_LONG,USDJPY,LONDON_OR_FALSE_REV_LONG,LONG,2023-12-12 10:35:00,2023-12-12 10:54:00,-1.1682298693433852,SL,0.65,9,0.65,-0.7593494150732004,0.0,0.0
USDJPY::BASE::LONDON_OR_BREAK_CONT_SHORT,USDJPY,LONDON_OR_BREAK_CONT_SHORT,SHORT,2023-12-12 10:55:00,2023-12-12 11:24:00,-1.073739416221017,SL,0.5,12,0.5,-0.5368697081105085,0.0,0.0
EURUSD::NEW::ASIA_SWEEP_EXPANSION_FVG_SHORT,EURUSD,ASIA_SWEEP_EXPANSION_FVG_SHORT,SHORT,2023-12-14 16:35:00,2023-12-14 16:45:00,-1.0695479384004294,SL,0.65,20,0.65,-0.6952061599602791,0.0,0.0
GBPJPY::BASE::NY_OR30_BREAK_CONT_LONG,GBPJPY,NY_OR30_BREAK_CONT_LONG,LONG,2023-12-15 19:15:00,2023-12-15 20:49:00,-1.1110926596378805,SL,0.8,5,0.8,-0.8888741277103045,0.0,0.0
USDJPY::EXTRA::USDV2_M2,USDJPY,USDV2_M2,SHORT,2023-12-20 17:25:00,2023-12-20 17:48:00,-1.112389249201146,SL,0.65,10,0.65,-0.7230530119807449,0.0,0.0
USDJPY::EXTRA::USDV2_M2,USDJPY,USDV2_M2,SHORT,2023-12-20 17:55:00,2023-12-20 17:58:00,-1.1169016279070911,SL,0.65,10,0.65,-0.7259860581396093,0.0,0.0
USDJPY::BASE::NY_OR30_BREAK_CONT_LONG,USDJPY,NY_OR30_BREAK_CONT_LONG,LONG,2023-12-21 20:15:00,2023-12-21 21:43:00,-1.1701642917330577,SL,0.5,11,0.5,-0.5850821458665288,0.0,0.0
USDJPY::EXTRA::USDV2_M2,USDJPY,USDV2_M2,SHORT,2023-12-22 17:50:00,2023-12-22 18:21:00,-1.1234930088496304,SL,0.65,10,0.65,-0.7302704557522598,0.0,0.0
GBPJPY::BASE::NY_OR30_BREAK_CONT_LONG,GBPJPY,NY_OR30_BREAK_CONT_LONG,LONG,2023-12-28 18:00:00,2023-12-28 20:59:00,0.2240672006243788,TIME,0.8,5,0.8,0.17925376049950303,0.0,0.0
GBPJPY::BASE::NY_LONDON_SWEEP_REV_LONG,GBPJPY,NY_LONDON_SWEEP_REV_LONG,LONG,2023-12-28 18:00:00,2023-12-29 00:01:00,-0.1110779619254884,TIME,0.35,8,0.25,-0.0277694904813721,0.8,0.8
GBPJPY::BASE::LONDON_OR_FALSE_REV_LONG,GBPJPY,LONDON_OR_FALSE_REV_LONG,LONG,2023-12-29 12:55:00,2023-12-29 14:37:00,-1.1335653921467217,SL,0.65,7,0.65,-0.7368175048953691,0.0,0.0
GBPJPY::BASE::LONDON_OR_FALSE_REV_LONG,GBPJPY,LONDON_OR_FALSE_REV_LONG,LONG,2024-01-02 10:30:00,2024-01-02 11:37:00,-1.1803509086016413,SL,0.65,7,0.65,-0.7672280905910669,0.0,0.0
USDJPY::BASE::NY_OR30_BREAK_CONT_LONG,USDJPY,NY_OR30_BREAK_CONT_LONG,LONG,2024-01-02 17:45:00,2024-01-02 23:44:00,0.122942763455398,TIME,0.5,11,0.5,0.061471381727699,0.0,0.0
GBPJPY::BASE::NY_LONDON_SWEEP_REV_LONG,GBPJPY,NY_LONDON_SWEEP_REV_LONG,LONG,2024-01-02 18:15:00,2024-01-03 00:16:00,0.1551219281066696,TIME,0.35,8,0.35,0.05429267483733436,0.0,0.5
GBPJPY::BASE::NY_OR30_BREAK_CONT_LONG,GBPJPY,NY_OR30_BREAK_CONT_LONG,LONG,2024-01-02 19:35:00,2024-01-02 21:02:00,-1.1430139137857729,SL,0.8,5,0.7000000000000001,-0.8001097396500411,0.35,0.85
EURUSD::BASE::E2_SHORT,EURUSD,E2_SHORT,SHORT,2024-01-04 16:35:00,2024-01-04 17:01:00,-1.1574803149605288,SL,0.65,1,0.65,-0.7523622047243438,0.0,0.0
EURUSD::BASE::E1_SHORT,EURUSD,E1_SHORT,SHORT,2024-01-05 17:10:00,2024-01-05 18:20:00,1.4333333333332825,TP,0.8,0,0.8,1.146666666666626,0.0,0.0
USDJPY::BASE::NY_OR30_BREAK_CONT_LONG,USDJPY,NY_OR30_BREAK_CONT_LONG,LONG,2024-01-11 18:35:00,2024-01-11 20:52:00,-1.0830383627317943,SL,0.5,11,0.5,-0.5415191813658972,0.0,0.0
USDJPY::BASE::LONDON_OR_FALSE_REV_LONG,USDJPY,LONDON_OR_FALSE_REV_LONG,LONG,2024-01-16 10:35:00,2024-01-16 13:34:00,1.4808067663257547,TIME,0.65,9,0.65,0.9625243981117406,0.0,0.0
USDJPY::BASE::LONDON_OR_FALSE_REV_LONG,USDJPY,LONDON_OR_FALSE_REV_LONG,LONG,2024-01-22 10:35:00,2024-01-22 12:29:00,-1.1725147155002713,SL,0.65,9,0.65,-0.7621345650751764,0.0,0.0
USDJPY::EXTRA::USDV2_M2,USDJPY,USDV2_M2,SHORT,2024-01-22 16:45:00,2024-01-22 18:45:00,-1.1228338644066134,SL,0.65,10,0.65,-0.7298420118642988,0.0,0.0
USDJPY::BASE::LONDON_OR_BREAK_CONT_SHORT,USDJPY,LONDON_OR_BREAK_CONT_SHORT,SHORT,2024-01-23 10:35:00,2024-01-23 11:18:00,-1.0460830971659782,SL,0.5,12,0.5,-0.5230415485829891,0.0,0.0
USDJPY::BASE::NY_OR30_BREAK_CONT_LONG,USDJPY,NY_OR30_BREAK_CONT_LONG,LONG,2024-01-23 17:35:00,2024-01-23 23:34:00,-0.9490177093773284,TIME,0.5,11,0.5,-0.4745088546886642,0.0,0.0
GBPJPY::BASE::NY_LONDON_SWEEP_REV_LONG,GBPJPY,NY_LONDON_SWEEP_REV_LONG,LONG,2024-01-24 17:35:00,2024-01-24 17:41:00,-1.1525890434572432,SL,0.35,8,0.35,-0.4034061652100351,0.0,0.0
GBPJPY::BASE::NY_LONDON_SWEEP_REV_LONG,GBPJPY,NY_LONDON_SWEEP_REV_LONG,LONG,2024-01-24 18:05:00,2024-01-25 00:06:00,-0.0550029501438315,TIME,0.35,8,0.35,-0.019251032550341024,0.0,0.0
USDJPY::BASE::NY_OR30_BREAK_CONT_LONG,USDJPY,NY_OR30_BREAK_CONT_LONG,LONG,2024-01-24 18:15:00,2024-01-25 00:16:00,0.4153627121745959,TIME,0.5,11,0.5,0.20768135608729796,0.0,0.35
GBPJPY::BASE::NY_OR30_BREAK_CONT_LONG,GBPJPY,NY_OR30_BREAK_CONT_LONG,LONG,2024-01-24 18:30:00,2024-01-24 21:29:00,-0.5528085358459127,TIME,0.8,5,0.7000000000000001,-0.3869659750921389,0.35,0.85
GBPJPY::BASE::NY_OR30_BREAK_CONT_LONG,GBPJPY,NY_OR30_BREAK_CONT_LONG,LONG,2024-01-25 18:10:00,2024-01-25 21:09:00,0.233193003770398,TIME,0.8,5,0.8,0.18655440301631843,0.0,0.0
USDJPY::EXTRA::USDV2_M2,USDJPY,USDV2_M2,SHORT,2024-01-30 17:10:00,2024-01-30 17:15:00,-1.096688529411707,SL,0.65,10,0.65,-0.7128475441176096,0.0,0.0
USDJPY::EXTRA::USDV2_M2,USDJPY,USDV2_M2,SHORT,2024-01-30 17:40:00,2024-01-30 17:43:00,-1.0893220727946042,SL,0.65,10,0.65,-0.7080593473164928,0.0,0.0
USDJPY::BASE::LONDON_OR_FALSE_REV_LONG,USDJPY,LONDON_OR_FALSE_REV_LONG,LONG,2024-01-31 12:00:00,2024-01-31 14:59:00,-0.0083047003628954,TIME,0.65,9,0.65,-0.00539805523588201,0.0,0.0
USDJPY::BASE::LONDON_OR_BREAK_CONT_SHORT,USDJPY,LONDON_OR_BREAK_CONT_SHORT,SHORT,2024-02-01 11:10:00,2024-02-01 11:22:00,-1.089819791783846,SL,0.5,12,0.5,-0.544909895891923,0.0,0.0
GBPJPY::BASE::LONDON_OR_FALSE_REV_LONG,GBPJPY,LONDON_OR_FALSE_REV_LONG,LONG,2024-02-06 13:00:00,2024-02-06 17:15:00,-1.3656253021368736,SL,0.65,7,0.65,-0.8876564463889679,0.0,0.0
GBPJPY::BASE::LONDON_OR_FALSE_REV_LONG,GBPJPY,LONDON_OR_FALSE_REV_LONG,LONG,2024-02-08 11:40:00,2024-02-08 12:55:00,2.7148465139471325,TP,0.65,7,0.65,1.7646502340656363,0.0,0.0
EURUSD::BASE::E1_SHORT,EURUSD,E1_SHORT,SHORT,2024-02-09 16:15:00,2024-02-09 16:25:00,1.403169014084439,TP,0.8,0,0.8,1.1225352112675513,0.0,0.0
EURUSD::NEW::ASIA_SWEEP_EXPANSION_FVG_SHORT,EURUSD,ASIA_SWEEP_EXPANSION_FVG_SHORT,SHORT,2024-02-09 16:35:00,2024-02-09 17:08:00,-1.110149488591729,SL,0.65,20,0.65,-0.7215971675846238,0.0,0.0
EURUSD::BASE::E2_SHORT,EURUSD,E2_SHORT,SHORT,2024-02-13 16:35:00,2024-02-13 19:34:00,-0.3981351981351516,TIME,0.65,1,0.65,-0.25878787878784854,0.0,0.0
EURUSD::NEW::ASIA_SWEEP_EXPANSION_FVG_SHORT,EURUSD,ASIA_SWEEP_EXPANSION_FVG_SHORT,SHORT,2024-02-13 16:35:00,2024-02-13 22:34:00,0.2806526806526633,TIME,0.65,20,0.4,0.11226107226106533,0.65,0.65
USDJPY::BASE::NY_OR30_BREAK_CONT_LONG,USDJPY,NY_OR30_BREAK_CONT_LONG,LONG,2024-02-13 18:15:00,2024-02-14 00:19:00,0.4794619915103432,TIME,0.5,11,0.5,0.2397309957551716,0.0,1.05
USDJPY::BASE::LONDON_OR_BREAK_CONT_SHORT,USDJPY,LONDON_OR_BREAK_CONT_SHORT,SHORT,2024-02-15 10:30:00,2024-02-15 15:30:00,3.383775154568335,TP,0.5,12,0.5,1.6918875772841675,0.0,0.0
USDJPY::EXTRA::USDV2_M2,USDJPY,USDV2_M2,SHORT,2024-02-15 17:45:00,2024-02-15 18:09:00,-1.1239159224937345,SL,0.65,10,0.65,-0.7305453496209274,0.0,0.0
USDJPY::EXTRA::USDV2_M2,USDJPY,USDV2_M2,SHORT,2024-02-19 16:35:00,2024-02-19 16:54:00,-1.3281862500002275,SL,0.65,10,0.65,-0.863321062500148,0.0,0.0
GBPJPY::NEW::LONDON_SWEEP_EXPANSION_LONG_V7,GBPJPY,LONDON_SWEEP_EXPANSION_LONG_V7,LONG,2024-02-20 10:45:00,2024-02-20 11:19:00,3.4863250902526857,TP,0.8,21,0.8,2.789060072202149,0.0,0.0
GBPJPY::BASE::NY_LONDON_SWEEP_REV_LONG,GBPJPY,NY_LONDON_SWEEP_REV_LONG,LONG,2024-02-22 18:05:00,2024-02-23 00:06:00,1.5763865013774805,TIME,0.35,8,0.35,0.5517352754821181,0.0,0.0
GBPJPY::BASE::LONDON_OR_FALSE_REV_LONG,GBPJPY,LONDON_OR_FALSE_REV_LONG,LONG,2024-02-23 12:00:00,2024-02-23 12:12:00,1.8485153284673064,TP,0.65,7,0.65,1.201534963503749,0.0,0.0
GBPJPY::NEW::LONDON_SWEEP_EXPANSION_LONG_V7,GBPJPY,LONDON_SWEEP_EXPANSION_LONG_V7,LONG,2024-02-23 12:00:00,2024-02-23 17:59:00,0.1080591520166064,TIME,0.8,21,0.4,0.04322366080664256,0.65,0.65
USDJPY::EXTRA::USDV2_M2,USDJPY,USDV2_M2,SHORT,2024-02-23 17:45:00,2024-02-23 18:25:00,2.7877362302159394,TP,0.65,10,0.65,1.8120285496403608,0.0,0.4
USDJPY::BASE::LONDON_OR_FALSE_REV_LONG,USDJPY,LONDON_OR_FALSE_REV_LONG,LONG,2024-02-27 13:05:00,2024-02-27 13:19:00,2.009738739668317,TP,0.65,9,0.65,1.306330180784406,0.0,0.0
USDJPY::EXTRA::USDV2_M2,USDJPY,USDV2_M2,SHORT,2024-02-27 16:35:00,2024-02-27 17:27:00,-1.1602001739129888,SL,0.65,10,0.65,-0.7541301130434428,0.0,0.0
GBPJPY::NEW::LONDON_SWEEP_EXPANSION_LONG_V7,GBPJPY,LONDON_SWEEP_EXPANSION_LONG_V7,LONG,2024-02-28 11:30:00,2024-02-28 11:36:00,-1.478948444724806,SL,0.8,21,0.8,-1.1831587557798449,0.0,0.0
GBPJPY::BASE::LONDON_OR_FALSE_REV_LONG,GBPJPY,LONDON_OR_FALSE_REV_LONG,LONG,2024-03-01 11:50:00,2024-03-01 12:12:00,-1.249955766487455,SL,0.65,7,0.65,-0.8124712482168458,0.0,0.0
GBPJPY::BASE::NY_LONDON_SWEEP_REV_LONG,GBPJPY,NY_LONDON_SWEEP_REV_LONG,LONG,2024-03-01 17:35:00,2024-03-01 23:34:00,0.6802310097267683,TIME,0.35,8,0.35,0.23808085340436888,0.0,0.0
USDJPY::BASE::LONDON_OR_FALSE_REV_LONG,USDJPY,LONDON_OR_FALSE_REV_LONG,LONG,2024-03-04 10:50:00,2024-03-04 11:40:00,-1.248961410565748,SL,0.65,9,0.65,-0.8118249168677363,0.0,0.0
GBPJPY::BASE::NY_OR30_BREAK_CONT_LONG,GBPJPY,NY_OR30_BREAK_CONT_LONG,LONG,2024-03-06 17:30:00,2024-03-06 20:29:00,0.7470426702465405,TIME,0.8,5,0.8,0.5976341361972324,0.0,0.0
USDJPY::BASE::LONDON_OR_BREAK_CONT_SHORT,USDJPY,LONDON_OR_BREAK_CONT_SHORT,SHORT,2024-03-07 10:30:00,2024-03-07 11:45:00,-1.0631648560291191,SL,0.5,12,0.5,-0.5315824280145596,0.0,0.0
USDJPY::EXTRA::USDV2_M2,USDJPY,USDV2_M2,SHORT,2024-03-07 16:40:00,2024-03-07 16:45:00,-1.0908528115216751,SL,0.65,10,0.65,-0.7090543274890888,0.0,0.0
USDJPY::EXTRA::USDV2_M2,USDJPY,USDV2_M2,SHORT,2024-03-07 17:10:00,2024-03-07 18:28:00,2.8995869108500743,TP,0.65,10,0.65,1.8847314920525484,0.0,0.0
EURUSD::BASE::E1_SHORT,EURUSD,E1_SHORT,SHORT,2024-03-08 15:45:00,2024-03-08 16:08:00,1.4124900556880875,TP,0.8,0,0.8,1.12999204455047,0.0,0.0
EURUSD::BASE::E1_SHORT,EURUSD,E1_SHORT,SHORT,2024-03-08 16:25:00,2024-03-08 19:24:00,0.6871095968198508,TIME,0.8,0,0.8,0.5496876774558807,0.0,0.0
EURUSD::BASE::E2_SHORT,EURUSD,E2_SHORT,SHORT,2024-03-08 16:35:00,2024-03-08 19:34:00,1.187691380954783,TIME,0.65,1,0.25,0.2969228452386958,0.8,0.8
USDJPY::BASE::NY_OR30_BREAK_CONT_LONG,USDJPY,NY_OR30_BREAK_CONT_LONG,LONG,2024-03-08 17:15:00,2024-03-08 23:14:00,0.076437349715239,TIME,0.5,11,0.5,0.0382186748576195,0.0,1.05
USDJPY::BASE::LONDON_OR_BREAK_CONT_SHORT,USDJPY,LONDON_OR_BREAK_CONT_SHORT,SHORT,2024-03-11 10:40:00,2024-03-11 16:39:00,-0.4099963339692736,TIME,0.5,12,0.5,-0.2049981669846368,0.0,0.0
USDJPY::EXTRA::USDV2_M2,USDJPY,USDV2_M2,SHORT,2024-03-11 15:35:00,2024-03-11 15:38:00,-1.2054626000002469,SL,0.65,10,0.55,-0.6630044300001359,0.5,0.5
GBPJPY::BASE::NY_OR30_BREAK_CONT_LONG,GBPJPY,NY_OR30_BREAK_CONT_LONG,LONG,2024-03-11 17:15:00,2024-03-11 17:26:00,-1.1719642445866838,SL,0.8,5,0.8,-0.9375713956693471,0.0,0.0
GBPJPY::NEW::LONDON_SWEEP_EXPANSION_LONG_V7,GBPJPY,LONDON_SWEEP_EXPANSION_LONG_V7,LONG,2024-03-13 10:50:00,2024-03-13 11:49:00,3.7200395042194576,TP,0.8,21,0.8,2.9760316033755663,0.0,0.0
USDJPY::EXTRA::USDV2_M2,USDJPY,USDV2_M2,SHORT,2024-03-14 15:35:00,2024-03-14 15:39:00,2.8336216532721625,TP,0.65,10,0.65,1.8418540746269056,0.0,0.0
USDJPY::BASE::NY_OR30_BREAK_CONT_LONG,USDJPY,NY_OR30_BREAK_CONT_LONG,LONG,2024-03-15 17:10:00,2024-03-15 19:00:00,1.7874469831053483,TP,0.5,11,0.5,0.8937234915526742,0.0,0.0
GBPJPY::NEW::LONDON_SWEEP_EXPANSION_LONG_V7,GBPJPY,LONDON_SWEEP_EXPANSION_LONG_V7,LONG,2024-03-18 11:35:00,2024-03-18 13:21:00,-1.5687322895789977,SL,0.8,21,0.8,-1.2549858316631983,0.0,0.0
USDJPY::BASE::LONDON_OR_FALSE_REV_LONG,USDJPY,LONDON_OR_FALSE_REV_LONG,LONG,2024-03-20 11:05:00,2024-03-20 14:04:00,1.4793014372034186,TIME,0.65,9,0.65,0.9615459341822221,0.0,0.0
GBPJPY::BASE::LONDON_OR_FALSE_REV_LONG,GBPJPY,LONDON_OR_FALSE_REV_LONG,LONG,2024-03-21 10:55:00,2024-03-21 11:48:00,-1.1584930043167525,SL,0.65,7,0.65,-0.7530204528058891,0.0,0.0
USDJPY::BASE::NY_OR30_BREAK_CONT_LONG,USDJPY,NY_OR30_BREAK_CONT_LONG,LONG,2024-03-22 16:10:00,2024-03-22 22:09:00,0.539985560146907,TIME,0.5,11,0.5,0.2699927800734535,0.0,0.0
USDJPY::BASE::LONDON_OR_FALSE_REV_LONG,USDJPY,LONDON_OR_FALSE_REV_LONG,LONG,2024-03-25 11:45:00,2024-03-25 13:16:00,-1.492005206406109,SL,0.65,9,0.65,-0.9698033841639708,0.0,0.0
USDJPY::BASE::LONDON_OR_BREAK_CONT_SHORT,USDJPY,LONDON_OR_BREAK_CONT_SHORT,SHORT,2024-03-26 10:30:00,2024-03-26 14:33:00,-1.1771683726579991,SL,0.5,12,0.5,-0.5885841863289996,0.0,0.0
GBPJPY::NEW::LONDON_SWEEP_EXPANSION_LONG_V7,GBPJPY,LONDON_SWEEP_EXPANSION_LONG_V7,LONG,2024-03-27 13:30:00,2024-03-27 13:35:00,-1.248423069382469,SL,0.8,21,0.8,-0.9987384555059752,0.0,0.0
USDJPY::EXTRA::USDV2_M2,USDJPY,USDV2_M2,SHORT,2024-03-27 16:20:00,2024-03-27 18:13:00,2.7943019417474786,TP,0.65,10,0.65,1.8162962621358612,0.0,0.0
GBPJPY::BASE::NY_OR30_BREAK_CONT_LONG,GBPJPY,NY_OR30_BREAK_CONT_LONG,LONG,2024-03-27 17:00:00,2024-03-27 19:59:00,1.0163883584040307,TIME,0.8,5,0.8,0.8131106867232246,0.0,0.65
GBPJPY::NEW::LONDON_SWEEP_EXPANSION_LONG_V7,GBPJPY,LONDON_SWEEP_EXPANSION_LONG_V7,LONG,2024-03-28 10:40:00,2024-03-28 10:52:00,-1.3111899831176084,SL,0.8,21,0.8,-1.0489519864940868,0.0,0.0
USDJPY::BASE::LONDON_OR_FALSE_REV_LONG,USDJPY,LONDON_OR_FALSE_REV_LONG,LONG,2024-04-01 13:05:00,2024-04-01 14:10:00,-1.8167243574053584,SL,0.65,9,0.65,-1.180870832313483,0.0,0.0
GBPJPY::BASE::LONDON_OR_FALSE_REV_LONG,GBPJPY,LONDON_OR_FALSE_REV_LONG,LONG,2024-04-03 11:20:00,2024-04-03 15:30:00,2.662502805647897,TP,0.65,7,0.65,1.7306268236711333,0.0,0.0
EURUSD::NEW::ASIA_SWEEP_EXPANSION_FVG_SHORT,EURUSD,ASIA_SWEEP_EXPANSION_FVG_SHORT,SHORT,2024-04-03 16:35:00,2024-04-03 17:00:00,-1.2504472271916407,SL,0.65,20,0.65,-0.8127906976745665,0.0,0.0
USDJPY::BASE::LONDON_OR_FALSE_REV_LONG,USDJPY,LONDON_OR_FALSE_REV_LONG,LONG,2024-04-04 11:05:00,2024-04-04 14:00:00,-1.548819667785848,SL,0.65,9,0.65,-1.0067327840608011,0.0,0.0
EURUSD::BASE::E2_SHORT,EURUSD,E2_SHORT,SHORT,2024-04-05 16:35:00,2024-04-05 17:14:00,-1.0937709310113126,SL,0.65,1,0.65,-0.7109511051573533,0.0,0.0
EURUSD::NEW::ASIA_SWEEP_EXPANSION_FVG_SHORT,EURUSD,ASIA_SWEEP_EXPANSION_FVG_SHORT,SHORT,2024-04-05 16:35:00,2024-04-05 17:14:00,-1.0937709310113126,SL,0.65,20,0.4,-0.43750837240452506,0.65,0.65
GBPJPY::BASE::NY_OR30_BREAK_CONT_LONG,GBPJPY,NY_OR30_BREAK_CONT_LONG,LONG,2024-04-05 17:15:00,2024-04-05 20:14:00,1.5984533057139143,TIME,0.8,5,0.8,1.2787626445711315,0.0,0.0
GBPJPY::BASE::LONDON_OR_FALSE_REV_LONG,GBPJPY,LONDON_OR_FALSE_REV_LONG,LONG,2024-04-09 12:40:00,2024-04-09 13:13:00,2.6847847596089145,TP,0.65,7,0.65,1.7451100937457944,0.0,0.0
EURUSD::BASE::E2_SHORT,EURUSD,E2_SHORT,SHORT,2024-04-10 16:35:00,2024-04-10 19:34:00,2.2548317823908643,TIME,0.65,1,0.65,1.4656406585540618,0.0,0.0
USDJPY::BASE::NY_OR30_BREAK_CONT_LONG,USDJPY,NY_OR30_BREAK_CONT_LONG,LONG,2024-04-10 17:15:00,2024-04-10 23:14:00,1.4690400496367495,TIME,0.5,11,0.5,0.7345200248183748,0.0,0.65
GBPJPY::BASE::NY_LONDON_SWEEP_REV_LONG,GBPJPY,NY_LONDON_SWEEP_REV_LONG,LONG,2024-04-11 18:00:00,2024-04-11 18:30:00,-1.3928277923195689,SL,0.35,8,0.35,-0.4874897273118491,0.0,0.0
USDJPY::BASE::NY_OR30_BREAK_CONT_LONG,USDJPY,NY_OR30_BREAK_CONT_LONG,LONG,2024-04-12 18:35:00,2024-04-15 00:37:00,-0.5914998043965487,TIME,0.5,11,0.5,-0.29574990219827435,0.0,0.0
GBPJPY::BASE::NY_LONDON_SWEEP_REV_LONG,GBPJPY,NY_LONDON_SWEEP_REV_LONG,LONG,2024-04-15 17:50:00,2024-04-15 22:17:00,-1.1085924049794946,SL,0.35,8,0.35,-0.3880073417428231,0.0,0.0
GBPJPY::BASE::LONDON_OR_FALSE_REV_LONG,GBPJPY,LONDON_OR_FALSE_REV_LONG,LONG,2024-04-16 11:05:00,2024-04-16 11:06:00,-1.4150752367385186,SL,0.65,7,0.65,-0.9197989038800372,0.0,0.0
GBPJPY::BASE::LONDON_OR_FALSE_REV_LONG,GBPJPY,LONDON_OR_FALSE_REV_LONG,LONG,2024-04-17 11:25:00,2024-04-17 13:55:00,-1.1785013768921069,SL,0.65,7,0.65,-0.7660258949798695,0.0,0.0
GBPJPY::BASE::NY_LONDON_SWEEP_REV_LONG,GBPJPY,NY_LONDON_SWEEP_REV_LONG,LONG,2024-04-22 16:40:00,2024-04-22 17:45:00,2.706724254507465,TP,0.35,8,0.35,0.9473534890776126,0.0,0.0
GBPJPY::BASE::NY_OR30_BREAK_CONT_LONG,GBPJPY,NY_OR30_BREAK_CONT_LONG,LONG,2024-04-22 17:30:00,2024-04-22 20:29:00,2.4189167460372563,TIME,0.8,5,0.7000000000000001,1.6932417222260796,0.35,0.35
USDJPY::BASE::NY_OR30_BREAK_CONT_LONG,USDJPY,NY_OR30_BREAK_CONT_LONG,LONG,2024-04-24 17:35:00,2024-04-24 20:29:00,1.7519681752209986,TP,0.5,11,0.5,0.8759840876104993,0.0,0.0
EURUSD::BASE::E2_SHORT,EURUSD,E2_SHORT,SHORT,2024-04-25 16:35:00,2024-04-25 16:43:00,-1.0892857142856542,SL,0.65,1,0.65,-0.7080357142856752,0.0,0.0
GBPJPY::BASE::NY_OR30_BREAK_CONT_LONG,GBPJPY,NY_OR30_BREAK_CONT_LONG,LONG,2024-04-25 17:15:00,2024-04-25 20:14:00,0.9849044155844672,TIME,0.8,5,0.8,0.7879235324675737,0.0,0.0
GBPJPY::BASE::LONDON_OR_FALSE_REV_LONG,GBPJPY,LONDON_OR_FALSE_REV_LONG,LONG,2024-04-26 11:35:00,2024-04-26 17:34:00,-0.0140513378008076,TIME,0.65,7,0.65,-0.00913336957052494,0.0,0.0
EURUSD::BASE::E2_SHORT,EURUSD,E2_SHORT,SHORT,2024-04-26 16:35:00,2024-04-26 17:52:00,2.879725085910771,TP,0.65,1,0.65,1.8718213058420012,0.0,0.65
EURUSD::NEW::ASIA_SWEEP_EXPANSION_FVG_SHORT,EURUSD,ASIA_SWEEP_EXPANSION_FVG_SHORT,SHORT,2024-04-26 16:35:00,2024-04-26 17:52:00,2.879725085910771,TP,0.65,20,0.3999999999999999,1.1518900343643081,0.65,1.3
USDJPY::BASE::NY_OR30_BREAK_CONT_LONG,USDJPY,NY_OR30_BREAK_CONT_LONG,LONG,2024-04-26 17:35:00,2024-04-26 17:51:00,1.7360638249718296,TP,0.5,11,0.5,0.8680319124859148,0.0,1.0499999999999998
EURUSD::BASE::E2_SHORT,EURUSD,E2_SHORT,SHORT,2024-04-30 16:35:00,2024-04-30 16:42:00,-1.1078582434513975,SL,0.65,1,0.65,-0.7201078582434084,0.0,0.0
EURUSD::NEW::ASIA_SWEEP_EXPANSION_FVG_SHORT,EURUSD,ASIA_SWEEP_EXPANSION_FVG_SHORT,SHORT,2024-04-30 16:35:00,2024-04-30 16:42:00,-1.1078582434513975,SL,0.65,20,0.4,-0.443143297380559,0.65,0.65
USDJPY::BASE::NY_OR30_BREAK_CONT_LONG,USDJPY,NY_OR30_BREAK_CONT_LONG,LONG,2024-04-30 18:45:00,2024-05-01 00:49:00,0.8003550881955357,TIME,0.5,11,0.5,0.40017754409776785,0.0,0.0
USDJPY::BASE::NY_OR30_BREAK_CONT_LONG,USDJPY,NY_OR30_BREAK_CONT_LONG,LONG,2024-05-03 17:15:00,2024-05-03 23:14:00,0.3649029458101133,TIME,0.5,11,0.5,0.18245147290505664,0.0,0.0
GBPJPY::NEW::LONDON_SWEEP_EXPANSION_LONG_V7,GBPJPY,LONDON_SWEEP_EXPANSION_LONG_V7,LONG,2024-05-07 11:40:00,2024-05-07 15:08:00,3.7472644760017326,TP,0.8,21,0.8,2.997811580801386,0.0,0.0
USDJPY::BASE::LONDON_OR_FALSE_REV_LONG,USDJPY,LONDON_OR_FALSE_REV_LONG,LONG,2024-05-07 11:55:00,2024-05-07 14:54:00,1.3687014419519234,TIME,0.65,9,0.65,0.8896559372687503,0.0,0.8
GBPJPY::BASE::LONDON_OR_FALSE_REV_LONG,GBPJPY,LONDON_OR_FALSE_REV_LONG,LONG,2024-05-07 12:10:00,2024-05-07 18:09:00,-0.1920989873094063,TIME,0.65,7,0.24999999999999978,-0.048024746827351535,0.8,1.4500000000000002
USDJPY::BASE::NY_OR30_BREAK_CONT_LONG,USDJPY,NY_OR30_BREAK_CONT_LONG,LONG,2024-05-07 18:35:00,2024-05-08 00:37:00,0.4407996969695367,TIME,0.5,11,0.5,0.22039984848476835,0.0,0.0
USDJPY::BASE::LONDON_OR_FALSE_REV_LONG,USDJPY,LONDON_OR_FALSE_REV_LONG,LONG,2024-05-09 10:25:00,2024-05-09 13:24:00,1.486313926855136,TIME,0.65,9,0.65,0.9661040524558384,0.0,0.0
EURUSD::BASE::E1_SHORT,EURUSD,E1_SHORT,SHORT,2024-05-10 17:05:00,2024-05-10 17:11:00,1.2826086956521234,TP,0.8,0,0.8,1.0260869565216988,0.0,0.0
EURUSD::NEW::ASIA_SWEEP_EXPANSION_FVG_SHORT,EURUSD,ASIA_SWEEP_EXPANSION_FVG_SHORT,SHORT,2024-05-14 16:35:00,2024-05-14 17:12:00,-1.1067887109076286,SL,0.65,20,0.65,-0.7194126620899587,0.0,0.0
USDJPY::BASE::LONDON_OR_BREAK_CONT_SHORT,USDJPY,LONDON_OR_BREAK_CONT_SHORT,SHORT,2024-05-15 10:25:00,2024-05-15 11:36:00,3.382679450056065,TP,0.5,12,0.5,1.6913397250280324,0.0,0.0
USDJPY::EXTRA::USDV2_M2,USDJPY,USDV2_M2,SHORT,2024-05-15 16:55:00,2024-05-15 17:54:00,2.924252079404436,TP,0.65,10,0.65,1.9007638516128835,0.0,0.0
GBPJPY::BASE::LONDON_OR_FALSE_REV_LONG,GBPJPY,LONDON_OR_FALSE_REV_LONG,LONG,2024-05-16 10:55:00,2024-05-16 15:37:00,2.828375240570526,TP,0.65,7,0.65,1.838443906370842,0.0,0.0
USDJPY::BASE::LONDON_OR_FALSE_REV_LONG,USDJPY,LONDON_OR_FALSE_REV_LONG,LONG,2024-05-16 11:20:00,2024-05-16 14:19:00,-0.0321211438475627,TIME,0.65,9,0.65,-0.020878743500915755,0.0,0.65
GBPJPY::BASE::NY_OR30_BREAK_CONT_LONG,GBPJPY,NY_OR30_BREAK_CONT_LONG,LONG,2024-05-16 18:00:00,2024-05-16 21:00:00,0.0896418660287676,TIME,0.8,5,0.8,0.07171349282301408,0.0,0.0
USDJPY::BASE::LONDON_OR_FALSE_REV_LONG,USDJPY,LONDON_OR_FALSE_REV_LONG,LONG,2024-05-20 10:40:00,2024-05-20 10:57:00,2.8291973258699814,TP,0.65,9,0.65,1.838978261815488,0.0,0.0
USDJPY::BASE::NY_OR30_BREAK_CONT_LONG,USDJPY,NY_OR30_BREAK_CONT_LONG,LONG,2024-05-20 17:20:00,2024-05-20 17:45:00,-1.2516618208517738,SL,0.5,11,0.5,-0.6258309104258869,0.0,0.0
GBPJPY::BASE::LONDON_OR_FALSE_REV_LONG,GBPJPY,LONDON_OR_FALSE_REV_LONG,LONG,2024-05-23 10:50:00,2024-05-23 12:06:00,-1.16484183140813,SL,0.65,7,0.65,-0.7571471904152844,0.0,0.0
USDJPY::BASE::LONDON_OR_BREAK_CONT_SHORT,USDJPY,LONDON_OR_BREAK_CONT_SHORT,SHORT,2024-05-23 15:05:00,2024-05-23 15:32:00,-1.2055785784410795,SL,0.5,12,0.5,-0.6027892892205398,0.0,0.0
GBPJPY::BASE::LONDON_OR_FALSE_REV_LONG,GBPJPY,LONDON_OR_FALSE_REV_LONG,LONG,2024-05-27 11:10:00,2024-05-27 12:57:00,2.4924720717673745,TP,0.65,7,0.65,1.6201068466487936,0.0,0.0
GBPJPY::NEW::LONDON_SWEEP_EXPANSION_LONG_V7,GBPJPY,LONDON_SWEEP_EXPANSION_LONG_V7,LONG,2024-05-27 11:20:00,2024-05-27 16:28:00,3.513949281264724,TP,0.8,21,0.4,1.4055797125058898,0.65,0.65
GBPJPY::BASE::LONDON_OR_FALSE_REV_LONG,GBPJPY,LONDON_OR_FALSE_REV_LONG,LONG,2024-05-28 12:05:00,2024-05-28 12:23:00,-1.251790460644595,SL,0.65,7,0.65,-0.8136637994189868,0.0,0.0
GBPJPY::BASE::LONDON_OR_FALSE_REV_LONG,GBPJPY,LONDON_OR_FALSE_REV_LONG,LONG,2024-05-29 11:10:00,2024-05-29 11:49:00,-1.2068594664003147,SL,0.65,7,0.65,-0.7844586531602046,0.0,0.0
GBPJPY::BASE::LONDON_OR_FALSE_REV_LONG,GBPJPY,LONDON_OR_FALSE_REV_LONG,LONG,2024-05-31 10:50:00,2024-05-31 12:02:00,2.763585414180579,TP,0.65,7,0.65,1.7963305192173764,0.0,0.0
GBPJPY::BASE::NY_OR30_BREAK_CONT_LONG,GBPJPY,NY_OR30_BREAK_CONT_LONG,LONG,2024-05-31 18:00:00,2024-05-31 20:59:00,-0.045213781652121,TIME,0.8,5,0.8,-0.0361710253216968,0.0,0.0
USDJPY::EXTRA::USDV2_M2,USDJPY,USDV2_M2,SHORT,2024-05-31 18:00:00,2024-05-31 18:11:00,-1.1114384804631787,SL,0.65,10,0.65,-0.7224350123010662,0.0,0.8
EURUSD::BASE::E1_SHORT,EURUSD,E1_SHORT,SHORT,2024-05-31 18:35:00,2024-05-31 21:34:00,-0.1540284360188495,TIME,0.8,0,0.8,-0.12322274881507961,0.0,0.8
USDJPY::BASE::LONDON_OR_BREAK_CONT_SHORT,USDJPY,LONDON_OR_BREAK_CONT_SHORT,SHORT,2024-06-04 10:45:00,2024-06-04 13:42:00,3.437822596039186,TP,0.5,12,0.5,1.718911298019593,0.0,0.0
USDJPY::BASE::NY_OR30_BREAK_CONT_LONG,USDJPY,NY_OR30_BREAK_CONT_LONG,LONG,2024-06-04 17:15:00,2024-06-04 18:05:00,-1.082061458560615,SL,0.5,11,0.5,-0.5410307292803075,0.0,0.0
USDJPY::BASE::LONDON_OR_FALSE_REV_LONG,USDJPY,LONDON_OR_FALSE_REV_LONG,LONG,2024-06-05 10:30:00,2024-06-05 10:32:00,-1.2946818406801952,SL,0.65,9,0.65,-0.8415431964421269,0.0,0.0
EURUSD::BASE::E2_SHORT,EURUSD,E2_SHORT,SHORT,2024-06-06 16:35:00,2024-06-06 16:41:00,-1.1297497683039317,SL,0.65,1,0.65,-0.7343373493975557,0.0,0.0
EURUSD::NEW::ASIA_SWEEP_EXPANSION_FVG_SHORT,EURUSD,ASIA_SWEEP_EXPANSION_FVG_SHORT,SHORT,2024-06-06 16:35:00,2024-06-06 16:41:00,-1.1297497683039317,SL,0.65,20,0.4,-0.4518999073215727,0.65,0.65
USDJPY::BASE::LONDON_OR_BREAK_CONT_SHORT,USDJPY,LONDON_OR_BREAK_CONT_SHORT,SHORT,2024-06-07 10:35:00,2024-06-07 10:42:00,-1.079618572084473,SL,0.5,12,0.5,-0.5398092860422365,0.0,0.0
GBPJPY::BASE::LONDON_OR_FALSE_REV_LONG,GBPJPY,LONDON_OR_FALSE_REV_LONG,LONG,2024-06-07 12:30:00,2024-06-07 15:33:00,2.8304849159748984,TP,0.65,7,0.65,1.839815195383684,0.0,0.0
USDJPY::BASE::NY_OR30_BREAK_CONT_LONG,USDJPY,NY_OR30_BREAK_CONT_LONG,LONG,2024-06-07 17:15:00,2024-06-07 17:23:00,-1.1239306703397718,SL,0.5,11,0.5,-0.5619653351698859,0.0,0.0
USDJPY::EXTRA::USDV2_M2,USDJPY,USDV2_M2,SHORT,2024-06-11 16:55:00,2024-06-11 17:10:00,-1.1612371937170576,SL,0.65,10,0.65,-0.7548041759160875,0.0,0.0
GBPJPY::NEW::LONDON_SWEEP_EXPANSION_LONG_V7,GBPJPY,LONDON_SWEEP_EXPANSION_LONG_V7,LONG,2024-06-12 10:10:00,2024-06-12 14:04:00,3.702054151624498,TP,0.8,21,0.8,2.9616433212995985,0.0,0.0
EURUSD::BASE::E2_SHORT,EURUSD,E2_SHORT,SHORT,2024-06-13 16:35:00,2024-06-13 17:27:00,2.8803418803419154,TP,0.65,1,0.65,1.872222222222245,0.0,0.0
EURUSD::NEW::ASIA_SWEEP_EXPANSION_FVG_SHORT,EURUSD,ASIA_SWEEP_EXPANSION_FVG_SHORT,SHORT,2024-06-13 16:35:00,2024-06-13 17:27:00,2.8803418803419154,TP,0.65,20,0.4,1.1521367521367663,0.65,0.65
GBPJPY::BASE::NY_OR30_BREAK_CONT_LONG,GBPJPY,NY_OR30_BREAK_CONT_LONG,LONG,2024-06-14 17:30:00,2024-06-14 20:29:00,0.5805185063504442,TIME,0.8,5,0.8,0.4644148050803554,0.0,0.0
GBPJPY::BASE::NY_LONDON_SWEEP_REV_LONG,GBPJPY,NY_LONDON_SWEEP_REV_LONG,LONG,2024-06-14 17:30:00,2024-06-14 17:32:00,-1.2306605393458507,SL,0.35,8,0.25,-0.3076651348364627,0.8,0.8
USDJPY::BASE::NY_OR30_BREAK_CONT_LONG,USDJPY,NY_OR30_BREAK_CONT_LONG,LONG,2024-06-14 18:00:00,2024-06-17 00:02:00,-0.328872246090419,TIME,0.5,11,0.5,-0.1644361230452095,0.0,0.8
USDJPY::BASE::LONDON_OR_FALSE_REV_LONG,USDJPY,LONDON_OR_FALSE_REV_LONG,LONG,2024-06-18 10:20:00,2024-06-18 13:19:00,0.1003573737374273,TIME,0.65,9,0.65,0.06523229292932775,0.0,0.0
USDJPY::BASE::LONDON_OR_FALSE_REV_LONG,USDJPY,LONDON_OR_FALSE_REV_LONG,LONG,2024-06-20 10:35:00,2024-06-20 13:34:00,2.8697715697373525,TIME,0.65,9,0.65,1.8653515203292792,0.0,0.0
EURUSD::BASE::E2_SHORT,EURUSD,E2_SHORT,SHORT,2024-06-28 16:35:00,2024-06-28 16:40:00,-1.1428571428571097,SL,0.65,1,0.65,-0.7428571428571213,0.0,0.0
EURUSD::NEW::ASIA_SWEEP_EXPANSION_FVG_SHORT,EURUSD,ASIA_SWEEP_EXPANSION_FVG_SHORT,SHORT,2024-06-28 16:35:00,2024-06-28 16:40:00,-1.1428571428571097,SL,0.65,20,0.4,-0.4571428571428439,0.65,0.65
GBPJPY::BASE::NY_LONDON_SWEEP_REV_LONG,GBPJPY,NY_LONDON_SWEEP_REV_LONG,LONG,2024-06-28 16:55:00,2024-06-28 17:40:00,-1.1664092772436985,SL,0.35,8,0.35,-0.40824324703529447,0.0,0.0
GBPJPY::BASE::NY_OR30_BREAK_CONT_LONG,GBPJPY,NY_OR30_BREAK_CONT_LONG,LONG,2024-06-28 17:45:00,2024-06-28 20:44:00,2.443994663169355,TIME,0.8,5,0.8,1.9551957305354841,0.0,0.0
GBPJPY::BASE::NY_LONDON_SWEEP_REV_LONG,GBPJPY,NY_LONDON_SWEEP_REV_LONG,LONG,2024-06-28 17:50:00,2024-06-28 23:49:00,1.5761996286394424,TIME,0.35,8,0.25,0.3940499071598606,0.8,0.8
USDJPY::EXTRA::USDV2_M2,USDJPY,USDV2_M2,SHORT,2024-06-28 17:55:00,2024-06-28 17:58:00,-1.1007150511510229,SL,0.65,10,0.6499999999999999,-0.7154647832481648,0.0,1.05
GBPJPY::NEW::LONDON_SWEEP_EXPANSION_LONG_V7,GBPJPY,LONDON_SWEEP_EXPANSION_LONG_V7,LONG,2024-07-02 11:10:00,2024-07-02 13:28:00,3.3883268253109597,TP,0.8,21,0.8,2.710661460248768,0.0,0.0
USDJPY::BASE::LONDON_OR_FALSE_REV_LONG,USDJPY,LONDON_OR_FALSE_REV_LONG,LONG,2024-07-02 11:35:00,2024-07-02 11:42:00,-1.770818517654918,SL,0.65,9,0.65,-1.1510320364756967,0.0,0.8
USDJPY::BASE::LONDON_OR_BREAK_CONT_SHORT,USDJPY,LONDON_OR_BREAK_CONT_SHORT,SHORT,2024-07-04 10:45:00,2024-07-04 16:44:00,1.1265146745231676,TIME,0.5,12,0.5,0.5632573372615838,0.0,0.0
EURUSD::BASE::E2_SHORT,EURUSD,E2_SHORT,SHORT,2024-07-05 16:35:00,2024-07-05 19:34:00,0.1713286713287481,TIME,0.65,1,0.65,0.11136363636368626,0.0,0.0
GBPJPY::NEW::LONDON_SWEEP_EXPANSION_LONG_V7,GBPJPY,LONDON_SWEEP_EXPANSION_LONG_V7,LONG,2024-07-09 10:15:00,2024-07-09 10:45:00,-1.3347362436998726,SL,0.8,21,0.8,-1.0677889949598982,0.0,0.0
GBPJPY::NEW::LONDON_SWEEP_EXPANSION_LONG_V7,GBPJPY,LONDON_SWEEP_EXPANSION_LONG_V7,LONG,2024-07-15 10:35:00,2024-07-15 16:34:00,1.6062555087983688,TIME,0.8,21,0.8,1.285004407038695,0.0,0.0
USDJPY::BASE::LONDON_OR_BREAK_CONT_SHORT,USDJPY,LONDON_OR_BREAK_CONT_SHORT,SHORT,2024-07-15 10:45:00,2024-07-15 13:08:00,-1.0862064233696058,SL,0.5,12,0.5,-0.5431032116848029,0.0,0.8
EURUSD::BASE::E2_SHORT,EURUSD,E2_SHORT,SHORT,2024-07-16 16:35:00,2024-07-16 16:42:00,-1.1884253028262344,SL,0.65,1,0.65,-0.7724764468370524,0.0,0.0
EURUSD::NEW::ASIA_SWEEP_EXPANSION_FVG_SHORT,EURUSD,ASIA_SWEEP_EXPANSION_FVG_SHORT,SHORT,2024-07-16 16:35:00,2024-07-16 16:42:00,-1.1884253028262344,SL,0.65,20,0.4,-0.47537012113049376,0.65,0.65
USDJPY::BASE::LONDON_OR_BREAK_CONT_SHORT,USDJPY,LONDON_OR_BREAK_CONT_SHORT,SHORT,2024-07-17 10:25:00,2024-07-17 11:40:00,3.44612564825255,TP,0.5,12,0.5,1.723062824126275,0.0,0.0
USDJPY::BASE::NY_OR30_BREAK_CONT_LONG,USDJPY,NY_OR30_BREAK_CONT_LONG,LONG,2024-07-17 18:45:00,2024-07-17 19:15:00,-1.195438463131635,SL,0.5,11,0.5,-0.5977192315658175,0.0,0.0
GBPJPY::NEW::LONDON_SWEEP_EXPANSION_LONG_V7,GBPJPY,LONDON_SWEEP_EXPANSION_LONG_V7,LONG,2024-07-19 10:15:00,2024-07-19 11:56:00,-1.178146750567353,SL,0.8,21,0.8,-0.9425174004538825,0.0,0.0
GBPJPY::BASE::NY_OR30_BREAK_CONT_LONG,GBPJPY,NY_OR30_BREAK_CONT_LONG,LONG,2024-07-22 18:15:00,2024-07-22 21:14:00,1.3164983606558491,TIME,0.8,5,0.8,1.0531986885246793,0.0,0.0
EURUSD::BASE::E2_SHORT,EURUSD,E2_SHORT,SHORT,2024-07-25 16:35:00,2024-07-25 16:45:00,-1.148619957537305,SL,0.65,1,0.65,-0.7466029723992483,0.0,0.0
EURUSD::NEW::ASIA_SWEEP_EXPANSION_FVG_SHORT,EURUSD,ASIA_SWEEP_EXPANSION_FVG_SHORT,SHORT,2024-07-25 16:35:00,2024-07-25 16:45:00,-1.148619957537305,SL,0.65,20,0.4,-0.45944798301492207,0.65,0.65
USDJPY::BASE::NY_OR30_BREAK_CONT_LONG,USDJPY,NY_OR30_BREAK_CONT_LONG,LONG,2024-07-25 19:15:00,2024-07-25 20:04:00,-1.1065151374207425,SL,0.5,11,0.5,-0.5532575687103712,0.0,0.0
EURUSD::NEW::ASIA_SWEEP_EXPANSION_FVG_SHORT,EURUSD,ASIA_SWEEP_EXPANSION_FVG_SHORT,SHORT,2024-07-26 16:35:00,2024-07-26 16:45:00,-1.2805611222445876,SL,0.65,20,0.65,-0.832364729458982,0.0,0.0
GBPJPY::BASE::NY_LONDON_SWEEP_REV_LONG,GBPJPY,NY_LONDON_SWEEP_REV_LONG,LONG,2024-07-26 18:05:00,2024-07-26 18:59:00,2.734934520231214,TP,0.35,8,0.35,0.9572270820809249,0.0,0.0
GBPJPY::BASE::NY_LONDON_SWEEP_REV_LONG,GBPJPY,NY_LONDON_SWEEP_REV_LONG,LONG,2024-07-31 17:15:00,2024-07-31 20:32:00,2.887223528541898,TP,0.35,8,0.35,1.0105282349896643,0.0,0.0
USDJPY::BASE::NY_OR30_BREAK_CONT_LONG,USDJPY,NY_OR30_BREAK_CONT_LONG,LONG,2024-07-31 17:45:00,2024-07-31 21:00:00,1.9207175277663755,TP,0.5,11,0.5,0.9603587638831877,0.0,0.35
USDJPY::BASE::LONDON_OR_BREAK_CONT_SHORT,USDJPY,LONDON_OR_BREAK_CONT_SHORT,SHORT,2024-08-01 11:50:00,2024-08-01 13:02:00,-1.036623600216858,SL,0.5,12,0.5,-0.518311800108429,0.0,0.0
EURUSD::BASE::E1_SHORT,EURUSD,E1_SHORT,SHORT,2024-08-02 15:40:00,2024-08-02 15:40:00,-1.1161562829989409,SL,0.8,0,0.8,-0.8929250263991527,0.0,0.0
USDJPY::EXTRA::USDV2_M2,USDJPY,USDV2_M2,SHORT,2024-08-05 17:05:00,2024-08-05 17:53:00,2.972135236399632,TP,0.65,10,0.65,1.931887903659761,0.0,0.0
USDJPY::BASE::NY_OR30_BREAK_CONT_LONG,USDJPY,NY_OR30_BREAK_CONT_LONG,LONG,2024-08-05 18:25:00,2024-08-05 19:23:00,1.9546780256553644,TP,0.5,11,0.5,0.9773390128276822,0.0,0.0
GBPJPY::BASE::NY_OR30_BREAK_CONT_LONG,GBPJPY,NY_OR30_BREAK_CONT_LONG,LONG,2024-08-06 18:05:00,2024-08-06 18:29:00,-1.1568699779423646,SL,0.8,5,0.8,-0.9254959823538917,0.0,0.0
USDJPY::BASE::NY_OR30_BREAK_CONT_LONG,USDJPY,NY_OR30_BREAK_CONT_LONG,LONG,2024-08-06 18:05:00,2024-08-06 19:15:00,1.898259903164312,TP,0.5,11,0.5,0.949129951582156,0.0,0.8
EURUSD::NEW::ASIA_SWEEP_EXPANSION_FVG_SHORT,EURUSD,ASIA_SWEEP_EXPANSION_FVG_SHORT,SHORT,2024-08-13 16:35:00,2024-08-13 16:46:00,-1.167664670658799,SL,0.65,20,0.65,-0.7589820359282193,0.0,0.0
GBPJPY::NEW::LONDON_SWEEP_EXPANSION_LONG_V7,GBPJPY,LONDON_SWEEP_EXPANSION_LONG_V7,LONG,2024-08-16 11:25:00,2024-08-16 11:30:00,-1.1991726372216864,SL,0.8,21,0.8,-0.9593381097773492,0.0,0.0
USDJPY::EXTRA::USDV2_M2,USDJPY,USDV2_M2,SHORT,2024-08-16 17:15:00,2024-08-16 20:36:00,2.919341644444412,TP,0.65,10,0.65,1.8975720688888678,0.0,0.0
USDJPY::BASE::LONDON_OR_FALSE_REV_LONG,USDJPY,LONDON_OR_FALSE_REV_LONG,LONG,2024-08-19 10:35:00,2024-08-19 13:34:00,0.8787204866379226,TIME,0.65,9,0.65,0.5711683163146497,0.0,0.0
USDJPY::EXTRA::USDV2_M2,USDJPY,USDV2_M2,SHORT,2024-08-19 16:35:00,2024-08-19 16:36:00,-1.096968979040008,SL,0.65,10,0.65,-0.7130298363760051,0.0,0.0
EURUSD::NEW::ASIA_SWEEP_EXPANSION_FVG_SHORT,EURUSD,ASIA_SWEEP_EXPANSION_FVG_SHORT,SHORT,2024-08-20 16:35:00,2024-08-20 16:44:00,-1.2321724709786293,SL,0.65,20,0.65,-0.8009121061361091,0.0,0.0
GBPJPY::BASE::LONDON_OR_FALSE_REV_LONG,GBPJPY,LONDON_OR_FALSE_REV_LONG,LONG,2024-08-21 10:45:00,2024-08-21 16:11:00,-1.076212142183062,SL,0.65,7,0.65,-0.6995378924189903,0.0,0.0
USDJPY::BASE::LONDON_OR_FALSE_REV_LONG,USDJPY,LONDON_OR_FALSE_REV_LONG,LONG,2024-08-21 10:45:00,2024-08-21 13:44:00,-0.2729496902106732,TIME,0.65,9,0.65,-0.17741729863693761,0.0,0.65
USDJPY::BASE::LONDON_OR_FALSE_REV_LONG,USDJPY,LONDON_OR_FALSE_REV_LONG,LONG,2024-08-22 11:05:00,2024-08-22 11:16:00,3.2995314602443497,TP,0.65,9,0.65,2.1446954491588275,0.0,0.0
EURUSD::BASE::E1_SHORT,EURUSD,E1_SHORT,SHORT,2024-08-23 17:20:00,2024-08-23 17:27:00,-1.0887812752219148,SL,0.8,0,0.8,-0.8710250201775319,0.0,0.0
USDJPY::EXTRA::USDV2_M2,USDJPY,USDV2_M2,SHORT,2024-08-26 17:00:00,2024-08-26 18:19:00,-1.096401825613215,SL,0.65,10,0.65,-0.7126611866485898,0.0,0.0
USDJPY::BASE::LONDON_OR_FALSE_REV_LONG,USDJPY,LONDON_OR_FALSE_REV_LONG,LONG,2024-08-29 11:55:00,2024-08-29 12:14:00,-1.1538208645193802,SL,0.65,9,0.65,-0.7499835619375971,0.0,0.0
GBPJPY::BASE::LONDON_OR_FALSE_REV_LONG,GBPJPY,LONDON_OR_FALSE_REV_LONG,LONG,2024-08-30 10:40:00,2024-08-30 16:39:00,0.7644335733573313,TIME,0.65,7,0.65,0.4968818226822654,0.0,0.0
USDJPY::BASE::LONDON_OR_FALSE_REV_LONG,USDJPY,LONDON_OR_FALSE_REV_LONG,LONG,2024-08-30 10:45:00,2024-08-30 10:49:00,-2.020154403567348,SL,0.65,9,0.65,-1.3131003623187765,0.0,0.65
EURUSD::BASE::E2_SHORT,EURUSD,E2_SHORT,SHORT,2024-09-05 16:35:00,2024-09-05 17:41:00,2.8464912280700334,TP,0.65,1,0.65,1.8502192982455217,0.0,0.0
EURUSD::NEW::ASIA_SWEEP_EXPANSION_FVG_SHORT,EURUSD,ASIA_SWEEP_EXPANSION_FVG_SHORT,SHORT,2024-09-05 16:35:00,2024-09-05 17:41:00,2.8464912280700334,TP,0.65,20,0.4,1.1385964912280133,0.65,0.65
USDJPY::EXTRA::USDV2_M2,USDJPY,USDV2_M2,SHORT,2024-09-05 17:25:00,2024-09-05 17:32:00,-1.0650505540165542,SL,0.65,10,0.6499999999999999,-0.6922828601107601,0.0,1.05
USDJPY::EXTRA::USDV2_M2,USDJPY,USDV2_M2,SHORT,2024-09-05 17:55:00,2024-09-05 19:17:00,2.947234293193749,TP,0.65,10,0.65,1.915702290575937,0.0,0.0
EURUSD::BASE::E1_SHORT,EURUSD,E1_SHORT,SHORT,2024-09-06 15:40:00,2024-09-06 16:04:00,1.4162223914699958,TP,0.8,0,0.8,1.1329779131759967,0.0,0.0
EURUSD::BASE::E2_SHORT,EURUSD,E2_SHORT,SHORT,2024-09-06 16:35:00,2024-09-06 17:41:00,-1.065086006508608,SL,0.65,1,0.65,-0.6923059042305952,0.0,0.0
EURUSD::NEW::ASIA_SWEEP_EXPANSION_FVG_SHORT,EURUSD,ASIA_SWEEP_EXPANSION_FVG_SHORT,SHORT,2024-09-06 16:35:00,2024-09-06 17:41:00,-1.065086006508608,SL,0.65,20,0.4,-0.4260344026034433,0.65,0.65
GBPJPY::NEW::LONDON_SWEEP_EXPANSION_LONG_V7,GBPJPY,LONDON_SWEEP_EXPANSION_LONG_V7,LONG,2024-09-12 10:05:00,2024-09-12 11:00:00,-1.08541267483848,SL,0.8,21,0.8,-0.8683301398707841,0.0,0.0
GBPJPY::BASE::LONDON_OR_FALSE_REV_LONG,GBPJPY,LONDON_OR_FALSE_REV_LONG,LONG,2024-09-12 11:25:00,2024-09-12 14:14:00,-1.0921327765766513,SL,0.65,7,0.65,-0.7098863047748234,0.0,0.0
EURUSD::NEW::ASIA_SWEEP_EXPANSION_FVG_SHORT,EURUSD,ASIA_SWEEP_EXPANSION_FVG_SHORT,SHORT,2024-09-12 16:35:00,2024-09-12 17:45:00,-1.122164048865568,SL,0.65,20,0.65,-0.7294066317626192,0.0,0.0
GBPJPY::BASE::NY_OR30_BREAK_CONT_LONG,GBPJPY,NY_OR30_BREAK_CONT_LONG,LONG,2024-09-12 17:15:00,2024-09-12 20:14:00,0.9931797851239736,TIME,0.8,5,0.8,0.794543828099179,0.0,0.65
USDJPY::EXTRA::USDV2_M2,USDJPY,USDV2_M2,SHORT,2024-09-12 17:55:00,2024-09-12 21:15:00,2.935004120930246,TP,0.65,10,0.65,1.90775267860466,0.0,0.8
GBPJPY::BASE::NY_OR30_BREAK_CONT_LONG,GBPJPY,NY_OR30_BREAK_CONT_LONG,LONG,2024-09-13 17:25:00,2024-09-13 20:24:00,0.0202280554449263,TIME,0.8,5,0.8,0.01618244435594104,0.0,0.0
EURUSD::BASE::E2_SHORT,EURUSD,E2_SHORT,SHORT,2024-09-17 16:35:00,2024-09-17 17:11:00,-1.1304753028890595,SL,0.65,1,0.65,-0.7348089468778887,0.0,0.0
EURUSD::NEW::ASIA_SWEEP_EXPANSION_FVG_SHORT,EURUSD,ASIA_SWEEP_EXPANSION_FVG_SHORT,SHORT,2024-09-17 16:35:00,2024-09-17 17:11:00,-1.1304753028890595,SL,0.65,20,0.4,-0.45219012115562385,0.65,0.65
EURUSD::NEW::ASIA_SWEEP_EXPANSION_FVG_SHORT,EURUSD,ASIA_SWEEP_EXPANSION_FVG_SHORT,SHORT,2024-09-18 16:35:00,2024-09-18 17:17:00,2.746376811594368,TP,0.65,20,0.65,1.7851449275363391,0.0,0.0
EURUSD::BASE::E2_SHORT,EURUSD,E2_SHORT,SHORT,2024-09-19 16:35:00,2024-09-19 18:25:00,-1.130718954248318,SL,0.65,1,0.65,-0.7349673202614068,0.0,0.0
USDJPY::BASE::NY_OR30_BREAK_CONT_LONG,USDJPY,NY_OR30_BREAK_CONT_LONG,LONG,2024-09-20 17:15:00,2024-09-20 18:42:00,-1.0753065512265227,SL,0.5,11,0.5,-0.5376532756132614,0.0,0.0
GBPJPY::BASE::NY_OR30_BREAK_CONT_LONG,GBPJPY,NY_OR30_BREAK_CONT_LONG,LONG,2024-09-20 19:25:00,2024-09-20 22:24:00,-0.6587468259802062,TIME,0.8,5,0.8,-0.526997460784165,0.0,0.0
EURUSD::NEW::ASIA_SWEEP_EXPANSION_FVG_SHORT,EURUSD,ASIA_SWEEP_EXPANSION_FVG_SHORT,SHORT,2024-09-25 16:35:00,2024-09-25 17:16:00,2.8275862068965782,TP,0.65,20,0.65,1.837931034482776,0.0,0.0
GBPJPY::NEW::LONDON_SWEEP_EXPANSION_LONG_V7,GBPJPY,LONDON_SWEEP_EXPANSION_LONG_V7,LONG,2024-09-26 11:35:00,2024-09-26 11:39:00,-1.1182480302287634,SL,0.8,21,0.8,-0.8945984241830107,0.0,0.0
EURUSD::NEW::ASIA_SWEEP_EXPANSION_FVG_SHORT,EURUSD,ASIA_SWEEP_EXPANSION_FVG_SHORT,SHORT,2024-09-26 16:35:00,2024-09-26 17:07:00,2.8947368421051847,TP,0.65,20,0.65,1.8815789473683702,0.0,0.0
EURUSD::BASE::E1_SHORT,EURUSD,E1_SHORT,SHORT,2024-09-27 16:05:00,2024-09-27 17:11:00,1.398430286242006,TP,0.8,0,0.8,1.1187442289936047,0.0,0.0
USDJPY::BASE::LONDON_OR_FALSE_REV_LONG,USDJPY,LONDON_OR_FALSE_REV_LONG,LONG,2024-09-30 10:35:00,2024-09-30 13:16:00,3.8085734562697873,TP,0.65,9,0.65,2.4755727465753616,0.0,0.0
GBPJPY::BASE::LONDON_OR_FALSE_REV_LONG,GBPJPY,LONDON_OR_FALSE_REV_LONG,LONG,2024-09-30 10:40:00,2024-09-30 16:39:00,2.674447446041273,TIME,0.65,7,0.65,1.7383908399268275,0.0,0.65
USDJPY::BASE::NY_OR30_BREAK_CONT_LONG,USDJPY,NY_OR30_BREAK_CONT_LONG,LONG,2024-10-02 17:35:00,2024-10-02 22:35:00,1.90756511356076,TP,0.5,11,0.5,0.95378255678038,0.0,0.0
USDJPY::BASE::LONDON_OR_BREAK_CONT_SHORT,USDJPY,LONDON_OR_BREAK_CONT_SHORT,SHORT,2024-10-04 10:40:00,2024-10-04 10:58:00,-1.0959451433523026,SL,0.5,12,0.5,-0.5479725716761513,0.0,0.0
GBPJPY::BASE::LONDON_OR_FALSE_REV_LONG,GBPJPY,LONDON_OR_FALSE_REV_LONG,LONG,2024-10-04 11:00:00,2024-10-04 15:30:00,2.927940282979648,TP,0.65,7,0.65,1.9031611839367713,0.0,0.0
USDJPY::BASE::NY_OR30_BREAK_CONT_LONG,USDJPY,NY_OR30_BREAK_CONT_LONG,LONG,2024-10-04 18:45:00,2024-10-07 00:49:00,0.0572426363635773,TIME,0.5,11,0.5,0.02862131818178865,0.0,0.0
GBPJPY::NEW::LONDON_SWEEP_EXPANSION_LONG_V7,GBPJPY,LONDON_SWEEP_EXPANSION_LONG_V7,LONG,2024-10-09 10:25:00,2024-10-09 15:18:00,3.873766752939496,TP,0.8,21,0.8,3.0990134023515967,0.0,0.0
USDJPY::BASE::LONDON_OR_FALSE_REV_LONG,USDJPY,LONDON_OR_FALSE_REV_LONG,LONG,2024-10-10 11:15:00,2024-10-10 12:10:00,-1.138456330505755,SL,0.65,9,0.65,-0.7399966148287407,0.0,0.0
EURUSD::NEW::ASIA_SWEEP_EXPANSION_FVG_SHORT,EURUSD,ASIA_SWEEP_EXPANSION_FVG_SHORT,SHORT,2024-10-10 16:35:00,2024-10-10 20:05:00,2.910485933503858,TP,0.65,20,0.65,1.8918158567775079,0.0,0.0
USDJPY::BASE::NY_OR30_BREAK_CONT_LONG,USDJPY,NY_OR30_BREAK_CONT_LONG,LONG,2024-10-10 19:50:00,2024-10-10 21:39:00,-1.1422286725119548,SL,0.5,11,0.5,-0.5711143362559774,0.0,0.65
USDJPY::BASE::LONDON_OR_BREAK_CONT_SHORT,USDJPY,LONDON_OR_BREAK_CONT_SHORT,SHORT,2024-10-15 11:05:00,2024-10-15 14:08:00,-1.0802970200254196,SL,0.5,12,0.5,-0.5401485100127098,0.0,0.0
USDJPY::BASE::LONDON_OR_FALSE_REV_LONG,USDJPY,LONDON_OR_FALSE_REV_LONG,LONG,2024-10-16 10:45:00,2024-10-16 12:45:00,-1.1783674691833064,SL,0.65,9,0.65,-0.7659388549691492,0.0,0.0
EURUSD::BASE::E2_SHORT,EURUSD,E2_SHORT,SHORT,2024-10-16 16:35:00,2024-10-16 17:20:00,2.731285988483797,TP,0.65,1,0.65,1.775335892514468,0.0,0.0
EURUSD::NEW::ASIA_SWEEP_EXPANSION_FVG_SHORT,EURUSD,ASIA_SWEEP_EXPANSION_FVG_SHORT,SHORT,2024-10-16 16:35:00,2024-10-16 17:20:00,2.731285988483797,TP,0.65,20,0.4,1.0925143953935188,0.65,0.65
GBPJPY::NEW::LONDON_SWEEP_EXPANSION_LONG_V7,GBPJPY,LONDON_SWEEP_EXPANSION_LONG_V7,LONG,2024-10-23 10:10:00,2024-10-23 11:49:00,3.7945335475426303,TP,0.8,21,0.8,3.0356268380341045,0.0,0.0
USDJPY::BASE::LONDON_OR_FALSE_REV_LONG,USDJPY,LONDON_OR_FALSE_REV_LONG,LONG,2024-10-24 10:25:00,2024-10-24 11:22:00,-1.387087828865706,SL,0.65,9,0.65,-0.9016070887627089,0.0,0.0
USDJPY::BASE::LONDON_OR_BREAK_CONT_SHORT,USDJPY,LONDON_OR_BREAK_CONT_SHORT,SHORT,2024-10-24 11:35:00,2024-10-24 15:30:00,-1.0741084183119525,SL,0.5,12,0.5,-0.5370542091559762,0.0,0.0
EURUSD::BASE::E1_SHORT,EURUSD,E1_SHORT,SHORT,2024-10-25 15:45:00,2024-10-25 16:27:00,1.2773279352228368,TP,0.8,0,0.8,1.0218623481782696,0.0,0.0
EURUSD::BASE::E1_SHORT,EURUSD,E1_SHORT,SHORT,2024-10-25 18:00:00,2024-10-25 18:28:00,1.3073555166374695,TP,0.8,0,0.8,1.0458844133099756,0.0,0.0
GBPJPY::BASE::NY_OR30_BREAK_CONT_LONG,GBPJPY,NY_OR30_BREAK_CONT_LONG,LONG,2024-10-28 17:00:00,2024-10-28 19:59:00,1.9121042495334688,TIME,0.8,5,0.8,1.5296833996267751,0.0,0.0
USDJPY::BASE::NY_OR30_BREAK_CONT_LONG,USDJPY,NY_OR30_BREAK_CONT_LONG,LONG,2024-10-28 17:00:00,2024-10-28 18:46:00,1.857821242143366,TP,0.5,11,0.5,0.928910621071683,0.0,0.8
USDJPY::EXTRA::USDV2_M2,USDJPY,USDV2_M2,SHORT,2024-10-30 15:35:00,2024-10-30 16:41:00,2.9061371660424293,TP,0.65,10,0.65,1.888989157927579,0.0,0.0
USDJPY::BASE::LONDON_OR_FALSE_REV_LONG,USDJPY,LONDON_OR_FALSE_REV_LONG,LONG,2024-11-01 10:45:00,2024-11-01 12:28:00,3.719595749474325,TP,0.65,9,0.65,2.417737237158311,0.0,0.0
GBPJPY::BASE::LONDON_OR_FALSE_REV_LONG,GBPJPY,LONDON_OR_FALSE_REV_LONG,LONG,2024-11-01 10:55:00,2024-11-01 16:48:00,2.9131407984714373,TP,0.65,7,0.65,1.8935415190064342,0.0,0.65
EURUSD::BASE::E1_SHORT,EURUSD,E1_SHORT,SHORT,2024-11-01 15:40:00,2024-11-01 15:57:00,1.3819742489271165,TP,0.8,0,0.8,1.1055793991416933,0.0,0.65
USDJPY::BASE::LONDON_OR_BREAK_CONT_SHORT,USDJPY,LONDON_OR_BREAK_CONT_SHORT,SHORT,2024-11-04 11:05:00,2024-11-04 13:53:00,3.3898282198038223,TP,0.5,12,0.5,1.6949141099019112,0.0,0.0
USDJPY::EXTRA::USDV2_M2,USDJPY,USDV2_M2,SHORT,2024-11-04 17:50:00,2024-11-04 18:04:00,-1.1194759101843903,SL,0.65,10,0.65,-0.7276593416198537,0.0,0.0
USDJPY::BASE::LONDON_OR_BREAK_CONT_SHORT,USDJPY,LONDON_OR_BREAK_CONT_SHORT,SHORT,2024-11-08 10:30:00,2024-11-08 15:38:00,-1.0681311978778156,SL,0.5,12,0.5,-0.5340655989389078,0.0,0.0
GBPJPY::BASE::LONDON_OR_FALSE_REV_LONG,GBPJPY,LONDON_OR_FALSE_REV_LONG,LONG,2024-11-11 12:25:00,2024-11-11 12:52:00,-1.1882550717032998,SL,0.65,7,0.65,-0.7723657966071449,0.0,0.0
USDJPY::BASE::LONDON_OR_BREAK_CONT_SHORT,USDJPY,LONDON_OR_BREAK_CONT_SHORT,SHORT,2024-11-15 10:35:00,2024-11-15 16:34:00,0.5445522214076934,TIME,0.5,12,0.5,0.2722761107038467,0.0,0.0
USDJPY::EXTRA::USDV2_M2,USDJPY,USDV2_M2,SHORT,2024-11-15 16:50:00,2024-11-15 17:20:00,2.934441872852272,TP,0.65,10,0.65,1.9073872173539768,0.0,0.0
GBPJPY::BASE::NY_LONDON_SWEEP_REV_LONG,GBPJPY,NY_LONDON_SWEEP_REV_LONG,LONG,2024-11-15 17:30:00,2024-11-15 17:31:00,-1.36795374207166,SL,0.35,8,0.35,-0.478783809725081,0.0,0.0
GBPJPY::NEW::LONDON_SWEEP_EXPANSION_LONG_V7,GBPJPY,LONDON_SWEEP_EXPANSION_LONG_V7,LONG,2024-11-19 11:00:00,2024-11-19 11:19:00,-1.0916727814961809,SL,0.8,21,0.8,-0.8733382251969447,0.0,0.0
GBPJPY::BASE::NY_OR30_BREAK_CONT_LONG,GBPJPY,NY_OR30_BREAK_CONT_LONG,LONG,2024-11-19 17:40:00,2024-11-19 20:39:00,2.1844327581766128,TIME,0.8,5,0.8,1.7475462065412903,0.0,0.0
USDJPY::BASE::NY_OR30_BREAK_CONT_LONG,USDJPY,NY_OR30_BREAK_CONT_LONG,LONG,2024-11-19 18:25:00,2024-11-20 00:27:00,1.165731211027183,TIME,0.5,11,0.5,0.5828656055135915,0.0,0.8
GBPJPY::BASE::NY_LONDON_SWEEP_REV_LONG,GBPJPY,NY_LONDON_SWEEP_REV_LONG,LONG,2024-11-21 16:45:00,2024-11-21 19:01:00,-1.2157038474331738,SL,0.35,8,0.35,-0.42549634660161084,0.0,0.0
USDJPY::BASE::LONDON_OR_FALSE_REV_LONG,USDJPY,LONDON_OR_FALSE_REV_LONG,LONG,2024-11-22 11:15:00,2024-11-22 11:23:00,-1.4726271831945144,SL,0.65,9,0.65,-0.9572076690764344,0.0,0.0
USDJPY::EXTRA::USDV2_M2,USDJPY,USDV2_M2,SHORT,2024-11-22 16:35:00,2024-11-22 16:45:00,-1.1044790764989862,SL,0.65,10,0.65,-0.717911399724341,0.0,0.0
GBPJPY::BASE::LONDON_OR_FALSE_REV_LONG,GBPJPY,LONDON_OR_FALSE_REV_LONG,LONG,2024-11-25 11:15:00,2024-11-25 13:49:00,-1.100754732553904,SL,0.65,7,0.65,-0.7154905761600376,0.0,0.0
USDJPY::BASE::NY_OR30_BREAK_CONT_LONG,USDJPY,NY_OR30_BREAK_CONT_LONG,LONG,2024-11-25 17:45:00,2024-11-25 18:18:00,1.8756510796946912,TP,0.5,11,0.5,0.9378255398473456,0.0,0.0
USDJPY::EXTRA::USDV2_M2,USDJPY,USDV2_M2,SHORT,2024-11-26 16:45:00,2024-11-26 19:50:00,2.9127692120509847,TP,0.65,10,0.65,1.89329998783314,0.0,0.0
USDJPY::BASE::LONDON_OR_FALSE_REV_LONG,USDJPY,LONDON_OR_FALSE_REV_LONG,LONG,2024-11-27 10:40:00,2024-11-27 11:39:00,-1.13724505614624,SL,0.65,9,0.65,-0.739209286495056,0.0,0.0
USDJPY::EXTRA::USDV2_M2,USDJPY,USDV2_M2,SHORT,2024-11-27 17:15:00,2024-11-27 17:49:00,2.9310683356513283,TP,0.65,10,0.65,1.9051944181733635,0.0,0.0
USDJPY::EXTRA::USDV2_M2,USDJPY,USDV2_M2,SHORT,2024-11-29 17:45:00,2024-11-29 17:48:00,-1.1168433995233795,SL,0.65,10,0.65,-0.7259482096901967,0.0,0.0
GBPJPY::BASE::LONDON_OR_FALSE_REV_LONG,GBPJPY,LONDON_OR_FALSE_REV_LONG,LONG,2024-12-02 11:00:00,2024-12-02 14:35:00,-1.121045950731985,SL,0.65,7,0.65,-0.7286798679757903,0.0,0.0
GBPJPY::BASE::NY_LONDON_SWEEP_REV_LONG,GBPJPY,NY_LONDON_SWEEP_REV_LONG,LONG,2024-12-03 17:10:00,2024-12-03 17:18:00,-1.1499676095088651,SL,0.35,8,0.35,-0.4024886633281028,0.0,0.0
USDJPY::BASE::NY_OR30_BREAK_CONT_LONG,USDJPY,NY_OR30_BREAK_CONT_LONG,LONG,2024-12-03 17:10:00,2024-12-03 23:09:00,0.89896413887616,TIME,0.5,11,0.5,0.44948206943808,0.0,0.35
GBPJPY::BASE::NY_LONDON_SWEEP_REV_LONG,GBPJPY,NY_LONDON_SWEEP_REV_LONG,LONG,2024-12-03 17:50:00,2024-12-03 23:49:00,1.3406183475893454,TIME,0.35,8,0.35,0.46921642165627087,0.0,0.5
GBPJPY::NEW::LONDON_SWEEP_EXPANSION_LONG_V7,GBPJPY,LONDON_SWEEP_EXPANSION_LONG_V7,LONG,2024-12-04 10:55:00,2024-12-04 11:03:00,-1.2255275059429318,SL,0.8,21,0.8,-0.9804220047543455,0.0,0.0
USDJPY::BASE::LONDON_OR_FALSE_REV_LONG,USDJPY,LONDON_OR_FALSE_REV_LONG,LONG,2024-12-04 11:05:00,2024-12-04 14:04:00,2.94856595583071,TIME,0.65,9,0.65,1.9165678712899616,0.0,0.0
EURUSD::BASE::E1_SHORT,EURUSD,E1_SHORT,SHORT,2024-12-06 15:40:00,2024-12-06 15:48:00,1.4082568807339817,TP,0.8,0,0.8,1.1266055045871854,0.0,0.0
EURUSD::BASE::E2_SHORT,EURUSD,E2_SHORT,SHORT,2024-12-06 16:35:00,2024-12-06 19:34:00,1.1402563181219978,TIME,0.65,1,0.65,0.7411666067792986,0.0,0.0
EURUSD::NEW::ASIA_SWEEP_EXPANSION_FVG_SHORT,EURUSD,ASIA_SWEEP_EXPANSION_FVG_SHORT,SHORT,2024-12-06 16:35:00,2024-12-06 22:34:00,1.1178983510999765,TIME,0.65,20,0.4,0.4471593404399906,0.65,0.65
USDJPY::BASE::NY_OR30_BREAK_CONT_LONG,USDJPY,NY_OR30_BREAK_CONT_LONG,LONG,2024-12-06 17:20:00,2024-12-06 23:19:00,-0.1305697496219738,TIME,0.5,11,0.5,-0.0652848748109869,0.0,1.05
GBPJPY::BASE::LONDON_OR_FALSE_REV_LONG,GBPJPY,LONDON_OR_FALSE_REV_LONG,LONG,2024-12-10 12:10:00,2024-12-10 18:09:00,1.694303271371362,TIME,0.65,7,0.65,1.1012971263913853,0.0,0.0
USDJPY::BASE::LONDON_OR_FALSE_REV_LONG,USDJPY,LONDON_OR_FALSE_REV_LONG,LONG,2024-12-11 11:15:00,2024-12-11 14:14:00,2.3932832157873185,TIME,0.65,9,0.65,1.5556340902617571,0.0,0.0
USDJPY::BASE::NY_OR30_BREAK_CONT_LONG,USDJPY,NY_OR30_BREAK_CONT_LONG,LONG,2024-12-11 17:25:00,2024-12-11 23:24:00,0.4411333266291907,TIME,0.5,11,0.5,0.22056666331459535,0.0,0.0
GBPJPY::BASE::NY_LONDON_SWEEP_REV_LONG,GBPJPY,NY_LONDON_SWEEP_REV_LONG,LONG,2024-12-12 18:00:00,2024-12-13 00:01:00,0.4646424223981006,TIME,0.35,8,0.35,0.1626248478393352,0.0,0.0
GBPJPY::BASE::LONDON_OR_FALSE_REV_LONG,GBPJPY,LONDON_OR_FALSE_REV_LONG,LONG,2024-12-16 10:25:00,2024-12-16 10:26:00,-1.3636358330324545,SL,0.65,7,0.65,-0.8863632914710955,0.0,0.0
USDJPY::BASE::LONDON_OR_FALSE_REV_LONG,USDJPY,LONDON_OR_FALSE_REV_LONG,LONG,2024-12-16 10:40:00,2024-12-16 13:39:00,0.5707496865204913,TIME,0.65,9,0.65,0.37098729623831933,0.0,0.0
USDJPY::EXTRA::USDV2_M2,USDJPY,USDV2_M2,SHORT,2024-12-20 17:30:00,2024-12-20 18:20:00,2.904308647975076,TP,0.65,10,0.65,1.8878006211837997,0.0,0.0
USDJPY::BASE::LONDON_OR_FALSE_REV_LONG,USDJPY,LONDON_OR_FALSE_REV_LONG,LONG,2024-12-26 11:15:00,2024-12-26 13:20:00,3.338902784332095,TP,0.65,9,0.65,2.170286809815862,0.0,0.0
GBPJPY::BASE::LONDON_OR_FALSE_REV_LONG,GBPJPY,LONDON_OR_FALSE_REV_LONG,LONG,2024-12-27 10:25:00,2024-12-27 10:30:00,-1.3519114654002011,SL,0.65,7,0.65,-0.8787424525101307,0.0,0.0
EURUSD::BASE::E1_SHORT,EURUSD,E1_SHORT,SHORT,2024-12-27 17:55:00,2024-12-27 19:12:00,1.3428571428571987,TP,0.8,0,0.8,1.074285714285759,0.0,0.0
GBPJPY::NEW::LONDON_SWEEP_EXPANSION_LONG_V7,GBPJPY,LONDON_SWEEP_EXPANSION_LONG_V7,LONG,2024-12-30 10:25:00,2024-12-30 12:27:00,3.614323001681233,TP,0.8,21,0.8,2.8914584013449867,0.0,0.0
USDJPY::BASE::LONDON_OR_FALSE_REV_LONG,USDJPY,LONDON_OR_FALSE_REV_LONG,LONG,2025-01-02 10:50:00,2025-01-02 12:07:00,3.4935485490232945,TP,0.65,9,0.65,2.2708065568651414,0.0,0.0
GBPJPY::BASE::NY_OR30_BREAK_CONT_LONG,GBPJPY,NY_OR30_BREAK_CONT_LONG,LONG,2025-01-02 18:20:00,2025-01-02 21:19:00,0.0952884500435504,TIME,0.8,5,0.8,0.07623076003484032,0.0,0.0
GBPJPY::BASE::LONDON_OR_FALSE_REV_LONG,GBPJPY,LONDON_OR_FALSE_REV_LONG,LONG,2025-01-03 12:45:00,2025-01-03 18:44:00,0.9513799478351744,TIME,0.65,7,0.65,0.6183969660928634,0.0,0.0
USDJPY::EXTRA::USDV2_M2,USDJPY,USDV2_M2,SHORT,2025-01-03 17:15:00,2025-01-03 19:01:00,2.8837433458929107,TP,0.65,10,0.65,1.874433174830392,0.0,0.65
USDJPY::EXTRA::USDV2_M2,USDJPY,USDV2_M2,SHORT,2025-01-06 16:35:00,2025-01-06 16:42:00,-1.0588130916031286,SL,0.65,10,0.65,-0.6882285095420336,0.0,0.0
USDJPY::BASE::NY_OR30_BREAK_CONT_LONG,USDJPY,NY_OR30_BREAK_CONT_LONG,LONG,2025-01-06 17:20:00,2025-01-06 23:19:00,0.179954730817089,TIME,0.5,11,0.5,0.0899773654085445,0.0,0.0
USDJPY::BASE::LONDON_OR_FALSE_REV_LONG,USDJPY,LONDON_OR_FALSE_REV_LONG,LONG,2025-01-07 10:30:00,2025-01-07 11:00:00,-1.2287099777123272,SL,0.65,9,0.65,-0.7986614855130126,0.0,0.0
USDJPY::BASE::LONDON_OR_BREAK_CONT_SHORT,USDJPY,LONDON_OR_BREAK_CONT_SHORT,SHORT,2025-01-07 11:05:00,2025-01-07 11:19:00,-1.072398801652936,SL,0.5,12,0.5,-0.536199400826468,0.0,0.0
GBPJPY::BASE::NY_LONDON_SWEEP_REV_LONG,GBPJPY,NY_LONDON_SWEEP_REV_LONG,LONG,2025-01-08 17:05:00,2025-01-08 23:04:00,1.742511073322906,TIME,0.35,8,0.35,0.609878875663017,0.0,0.0
GBPJPY::BASE::NY_OR30_BREAK_CONT_LONG,GBPJPY,NY_OR30_BREAK_CONT_LONG,LONG,2025-01-08 17:20:00,2025-01-08 20:19:00,0.571279856771416,TIME,0.8,5,0.7000000000000001,0.39989589973999123,0.35,0.35
USDJPY::EXTRA::USDV2_M2,USDJPY,USDV2_M2,SHORT,2025-01-09 17:25:00,2025-01-09 17:44:00,-1.214010041493522,SL,0.65,10,0.65,-0.7891065269707893,0.0,0.0
USDJPY::EXTRA::USDV2_M2,USDJPY,USDV2_M2,SHORT,2025-01-09 17:55:00,2025-01-09 18:05:00,-1.238494853621097,SL,0.65,10,0.65,-0.805021654853713,0.0,0.0
USDJPY::EXTRA::USDV2_M2,USDJPY,USDV2_M2,SHORT,2025-01-13 16:55:00,2025-01-13 17:11:00,-1.12517590909084,SL,0.65,10,0.65,-0.731364340909046,0.0,0.0
EURUSD::NEW::ASIA_SWEEP_EXPANSION_FVG_SHORT,EURUSD,ASIA_SWEEP_EXPANSION_FVG_SHORT,SHORT,2025-01-14 16:35:00,2025-01-14 17:39:00,-1.0938337801608735,SL,0.65,20,0.65,-0.7109919571045679,0.0,0.0
USDJPY::BASE::NY_OR30_BREAK_CONT_LONG,USDJPY,NY_OR30_BREAK_CONT_LONG,LONG,2025-01-15 17:50:00,2025-01-15 23:49:00,0.2843925034660556,TIME,0.5,11,0.5,0.1421962517330278,0.0,0.0
USDJPY::BASE::LONDON_OR_FALSE_REV_LONG,USDJPY,LONDON_OR_FALSE_REV_LONG,LONG,2025-01-16 10:35:00,2025-01-16 10:37:00,-1.4556125685198442,SL,0.65,9,0.65,-0.9461481695378988,0.0,0.0
USDJPY::BASE::LONDON_OR_BREAK_CONT_SHORT,USDJPY,LONDON_OR_BREAK_CONT_SHORT,SHORT,2025-01-16 10:50:00,2025-01-16 14:53:00,-1.066942851647655,SL,0.5,12,0.5,-0.5334714258238274,0.0,0.0
EURUSD::BASE::E1_SHORT,EURUSD,E1_SHORT,SHORT,2025-01-17 17:15:00,2025-01-17 17:48:00,1.428848641655878,TP,0.8,0,0.8,1.1430789133247026,0.0,0.0
GBPJPY::NEW::LONDON_SWEEP_EXPANSION_LONG_V7,GBPJPY,LONDON_SWEEP_EXPANSION_LONG_V7,LONG,2025-01-20 12:05:00,2025-01-20 15:31:00,3.7857402354571104,TP,0.8,21,0.8,3.0285921883656886,0.0,0.0
USDJPY::BASE::LONDON_OR_FALSE_REV_LONG,USDJPY,LONDON_OR_FALSE_REV_LONG,LONG,2025-01-21 11:05:00,2025-01-21 14:04:00,-0.033219587214983,TIME,0.65,9,0.65,-0.02159273168973895,0.0,0.0
USDJPY::BASE::LONDON_OR_FALSE_REV_LONG,USDJPY,LONDON_OR_FALSE_REV_LONG,LONG,2025-01-23 10:35:00,2025-01-23 10:41:00,-1.351014238045847,SL,0.65,9,0.65,-0.8781592547298006,0.0,0.0
USDJPY::EXTRA::USDV2_M2,USDJPY,USDV2_M2,SHORT,2025-01-23 17:25:00,2025-01-23 17:57:00,2.857143765144346,TP,0.65,10,0.65,1.8571434473438249,0.0,0.0
USDJPY::EXTRA::USDV2_M2,USDJPY,USDV2_M2,SHORT,2025-01-27 17:35:00,2025-01-27 18:27:00,2.922320174359046,TP,0.65,10,0.65,1.89950811333338,0.0,0.0
USDJPY::BASE::NY_OR30_BREAK_CONT_LONG,USDJPY,NY_OR30_BREAK_CONT_LONG,LONG,2025-01-27 20:20:00,2025-01-28 01:24:00,1.8580111731083373,TP,0.5,11,0.5,0.9290055865541686,0.0,0.0
EURUSD::NEW::ASIA_SWEEP_EXPANSION_FVG_SHORT,EURUSD,ASIA_SWEEP_EXPANSION_FVG_SHORT,SHORT,2025-01-30 16:35:00,2025-01-30 17:06:00,-1.0747065101386837,SL,0.65,20,0.65,-0.6985592315901444,0.0,0.0
GBPJPY::BASE::NY_OR30_BREAK_CONT_LONG,GBPJPY,NY_OR30_BREAK_CONT_LONG,LONG,2025-02-03 17:25:00,2025-02-03 20:24:00,0.1786174487814038,TIME,0.8,5,0.8,0.14289395902512303,0.0,0.0
USDJPY::BASE::NY_OR30_BREAK_CONT_LONG,USDJPY,NY_OR30_BREAK_CONT_LONG,LONG,2025-02-03 17:25:00,2025-02-03 23:24:00,0.8633061286408665,TIME,0.5,11,0.5,0.43165306432043327,0.0,0.8
GBPJPY::BASE::LONDON_OR_FALSE_REV_LONG,GBPJPY,LONDON_OR_FALSE_REV_LONG,LONG,2025-02-04 11:05:00,2025-02-04 13:17:00,-1.137518715135151,SL,0.65,7,0.65,-0.7393871648378482,0.0,0.0
USDJPY::BASE::LONDON_OR_BREAK_CONT_SHORT,USDJPY,LONDON_OR_BREAK_CONT_SHORT,SHORT,2025-02-05 10:40:00,2025-02-05 16:39:00,0.6669959402851214,TIME,0.5,12,0.5,0.3334979701425607,0.0,0.0
GBPJPY::BASE::NY_OR30_BREAK_CONT_LONG,GBPJPY,NY_OR30_BREAK_CONT_LONG,LONG,2025-02-06 18:10:00,2025-02-06 21:00:00,-1.0952468120257046,SL,0.8,5,0.8,-0.8761974496205638,0.0,0.0
GBPJPY::BASE::LONDON_OR_FALSE_REV_LONG,GBPJPY,LONDON_OR_FALSE_REV_LONG,LONG,2025-02-07 10:30:00,2025-02-07 12:18:00,2.760306826721435,TP,0.65,7,0.65,1.7941994373689327,0.0,0.0
USDJPY::BASE::LONDON_OR_FALSE_REV_LONG,USDJPY,LONDON_OR_FALSE_REV_LONG,LONG,2025-02-07 11:10:00,2025-02-07 11:40:00,-1.2730044233806612,SL,0.65,9,0.65,-0.8274528751974298,0.0,0.65
EURUSD::BASE::E2_SHORT,EURUSD,E2_SHORT,SHORT,2025-02-07 16:35:00,2025-02-07 17:54:00,2.924119241192375,TP,0.65,1,0.65,1.9006775067750439,0.0,0.0
GBPJPY::BASE::NY_LONDON_SWEEP_REV_LONG,GBPJPY,NY_LONDON_SWEEP_REV_LONG,LONG,2025-02-10 17:35:00,2025-02-10 23:34:00,-0.1162294880822992,TIME,0.35,8,0.35,-0.04068032082880472,0.0,0.0
GBPJPY::BASE::NY_OR30_BREAK_CONT_LONG,GBPJPY,NY_OR30_BREAK_CONT_LONG,LONG,2025-02-10 19:10:00,2025-02-10 22:09:00,0.2876814887694414,TIME,0.8,5,0.7000000000000001,0.201377042138609,0.35,0.35
GBPJPY::NEW::LONDON_SWEEP_EXPANSION_LONG_V7,GBPJPY,LONDON_SWEEP_EXPANSION_LONG_V7,LONG,2025-02-11 10:40:00,2025-02-11 13:04:00,3.83984040006186,TP,0.8,21,0.8,3.071872320049488,0.0,0.0
GBPJPY::BASE::LONDON_OR_FALSE_REV_LONG,GBPJPY,LONDON_OR_FALSE_REV_LONG,LONG,2025-02-11 10:55:00,2025-02-11 15:10:00,2.913916966879777,TP,0.65,7,0.25,0.7284792417199443,0.8,0.8
USDJPY::BASE::NY_OR30_BREAK_CONT_LONG,USDJPY,NY_OR30_BREAK_CONT_LONG,LONG,2025-02-12 18:15:00,2025-02-12 19:21:00,-1.139843371072475,SL,0.5,11,0.5,-0.5699216855362375,0.0,0.0
USDJPY::BASE::NY_OR30_BREAK_CONT_LONG,USDJPY,NY_OR30_BREAK_CONT_LONG,LONG,2025-02-12 19:30:00,2025-02-12 20:40:00,-1.1936139079605332,SL,0.5,11,0.5,-0.5968069539802666,0.0,0.0
GBPJPY::BASE::NY_LONDON_SWEEP_REV_LONG,GBPJPY,NY_LONDON_SWEEP_REV_LONG,LONG,2025-02-13 17:00:00,2025-02-13 20:43:00,-1.0772450807285257,SL,0.35,8,0.35,-0.37703577825498397,0.0,0.0
GBPJPY::BASE::NY_OR30_BREAK_CONT_LONG,GBPJPY,NY_OR30_BREAK_CONT_LONG,LONG,2025-02-13 17:10:00,2025-02-13 20:09:00,0.2812574617535168,TIME,0.8,5,0.7000000000000001,0.19688022322746176,0.35,0.35
USDJPY::BASE::LONDON_OR_FALSE_REV_LONG,USDJPY,LONDON_OR_FALSE_REV_LONG,LONG,2025-02-21 10:35:00,2025-02-21 10:41:00,-1.1872885578203372,SL,0.65,9,0.65,-0.7717375625832191,0.0,0.0
EURUSD::BASE::E2_SHORT,EURUSD,E2_SHORT,SHORT,2025-02-27 16:35:00,2025-02-27 19:34:00,1.5328169588258411,TIME,0.65,1,0.65,0.9963310232367968,0.0,0.0
EURUSD::NEW::ASIA_SWEEP_EXPANSION_FVG_SHORT,EURUSD,ASIA_SWEEP_EXPANSION_FVG_SHORT,SHORT,2025-02-27 16:35:00,2025-02-27 22:34:00,1.9404810436199167,TIME,0.65,20,0.4,0.7761924174479667,0.65,0.65
GBPJPY::BASE::NY_LONDON_SWEEP_REV_LONG,GBPJPY,NY_LONDON_SWEEP_REV_LONG,LONG,2025-02-27 17:15:00,2025-02-27 21:39:00,-1.0939778078612306,SL,0.35,8,0.35,-0.3828922327514307,0.0,1.05
GBPJPY::BASE::LONDON_OR_FALSE_REV_LONG,GBPJPY,LONDON_OR_FALSE_REV_LONG,LONG,2025-02-28 12:35:00,2025-02-28 13:05:00,-1.2310774803782154,SL,0.65,7,0.65,-0.80020036224584,0.0,0.0
EURUSD::NEW::ASIA_SWEEP_EXPANSION_FVG_SHORT,EURUSD,ASIA_SWEEP_EXPANSION_FVG_SHORT,SHORT,2025-02-28 16:35:00,2025-02-28 17:04:00,-1.1871657754010496,SL,0.65,20,0.65,-0.7716577540106823,0.0,0.0
USDJPY::BASE::LONDON_OR_BREAK_CONT_SHORT,USDJPY,LONDON_OR_BREAK_CONT_SHORT,SHORT,2025-03-03 11:10:00,2025-03-03 11:31:00,-1.06952912927317,SL,0.5,12,0.5,-0.534764564636585,0.0,0.0
GBPJPY::BASE::LONDON_OR_FALSE_REV_LONG,GBPJPY,LONDON_OR_FALSE_REV_LONG,LONG,2025-03-03 11:30:00,2025-03-03 12:28:00,2.9278315837683806,TP,0.65,7,0.65,1.9030905294494473,0.0,0.5
GBPJPY::BASE::NY_LONDON_SWEEP_REV_LONG,GBPJPY,NY_LONDON_SWEEP_REV_LONG,LONG,2025-03-04 17:15:00,2025-03-04 17:16:00,-1.2472963390867968,SL,0.35,8,0.35,-0.43655371868037884,0.0,0.0
GBPJPY::BASE::NY_OR30_BREAK_CONT_LONG,GBPJPY,NY_OR30_BREAK_CONT_LONG,LONG,2025-03-04 18:45:00,2025-03-04 21:44:00,3.1276658934169315,TIME,0.8,5,0.8,2.5021327147335453,0.0,0.0
USDJPY::BASE::NY_OR30_BREAK_CONT_LONG,USDJPY,NY_OR30_BREAK_CONT_LONG,LONG,2025-03-04 18:45:00,2025-03-04 21:46:00,1.900434262141921,TP,0.5,11,0.5,0.9502171310709605,0.0,0.8
GBPJPY::BASE::NY_OR30_BREAK_CONT_LONG,GBPJPY,NY_OR30_BREAK_CONT_LONG,LONG,2025-03-05 17:55:00,2025-03-05 18:34:00,-1.0351312196540836,SL,0.8,5,0.8,-0.8281049757232669,0.0,0.0
USDJPY::BASE::LONDON_OR_BREAK_CONT_SHORT,USDJPY,LONDON_OR_BREAK_CONT_SHORT,SHORT,2025-03-06 10:25:00,2025-03-06 16:26:00,1.65336263413028,TIME,0.5,12,0.5,0.82668131706514,0.0,0.0
EURUSD::NEW::ASIA_SWEEP_EXPANSION_FVG_SHORT,EURUSD,ASIA_SWEEP_EXPANSION_FVG_SHORT,SHORT,2025-03-06 16:35:00,2025-03-06 18:29:00,-1.082547169811325,SL,0.65,20,0.65,-0.7036556603773613,0.0,0.0
USDJPY::EXTRA::USDV2_M2,USDJPY,USDV2_M2,SHORT,2025-03-06 17:30:00,2025-03-06 17:40:00,-1.0541872666169307,SL,0.65,10,0.65,-0.6852217233010051,0.0,0.65
USDJPY::EXTRA::USDV2_M2,USDJPY,USDV2_M2,SHORT,2025-03-06 18:00:00,2025-03-06 19:46:00,2.94219481894146,TP,0.65,10,0.65,1.9124266323119492,0.0,0.65
EURUSD::BASE::E1_SHORT,EURUSD,E1_SHORT,SHORT,2025-03-07 16:10:00,2025-03-07 17:40:00,1.439260077305374,TP,0.8,0,0.8,1.1514080618442992,0.0,0.0
EURUSD::BASE::E1_SHORT,EURUSD,E1_SHORT,SHORT,2025-03-07 17:55:00,2025-03-07 18:30:00,1.43878686700055,TP,0.8,0,0.8,1.15102949360044,0.0,0.0
USDJPY::BASE::LONDON_OR_FALSE_REV_LONG,USDJPY,LONDON_OR_FALSE_REV_LONG,LONG,2025-03-11 11:30:00,2025-03-11 12:17:00,3.3732766592334693,TP,0.65,9,0.65,2.192629828501755,0.0,0.0
GBPJPY::BASE::LONDON_OR_FALSE_REV_LONG,GBPJPY,LONDON_OR_FALSE_REV_LONG,LONG,2025-03-12 10:35:00,2025-03-12 14:12:00,2.905794282794266,TP,0.65,7,0.65,1.8887662838162729,0.0,0.0
GBPJPY::BASE::LONDON_OR_FALSE_REV_LONG,GBPJPY,LONDON_OR_FALSE_REV_LONG,LONG,2025-03-13 10:50:00,2025-03-13 11:04:00,-1.146552375467042,SL,0.65,7,0.65,-0.7452590440535772,0.0,0.0
EURUSD::BASE::E1_SHORT,EURUSD,E1_SHORT,SHORT,2025-03-14 14:05:00,2025-03-14 15:23:00,-1.0747282608694884,SL,0.8,0,0.8,-0.8597826086955908,0.0,0.0
USDJPY::EXTRA::USDV2_M2,USDJPY,USDV2_M2,SHORT,2025-03-17 15:35:00,2025-03-17 15:35:00,-1.112431558641971,SL,0.65,10,0.65,-0.7230805131172813,0.0,0.0
GBPJPY::NEW::LONDON_SWEEP_EXPANSION_LONG_V7,GBPJPY,LONDON_SWEEP_EXPANSION_LONG_V7,LONG,2025-03-19 11:25:00,2025-03-19 17:24:00,2.5827280987616708,TIME,0.8,21,0.8,2.0661824790093366,0.0,0.0
USDJPY::EXTRA::USDV2_M2,USDJPY,USDV2_M2,SHORT,2025-03-20 16:50:00,2025-03-20 17:00:00,-1.101292772758815,SL,0.65,10,0.65,-0.7158403022932298,0.0,0.0
GBPJPY::NEW::LONDON_SWEEP_EXPANSION_LONG_V7,GBPJPY,LONDON_SWEEP_EXPANSION_LONG_V7,LONG,2025-03-21 11:05:00,2025-03-21 11:22:00,-1.1658596705137385,SL,0.8,21,0.8,-0.9326877364109909,0.0,0.0
GBPJPY::BASE::LONDON_OR_FALSE_REV_LONG,GBPJPY,LONDON_OR_FALSE_REV_LONG,LONG,2025-03-25 12:55:00,2025-03-25 12:56:00,-1.4547208638488194,SL,0.65,7,0.65,-0.9455685615017326,0.0,0.0
GBPJPY::NEW::LONDON_SWEEP_EXPANSION_LONG_V7,GBPJPY,LONDON_SWEEP_EXPANSION_LONG_V7,LONG,2025-03-27 10:55:00,2025-03-27 14:04:00,3.90600632262674,TP,0.8,21,0.8,3.1248050581013924,0.0,0.0
USDJPY::BASE::LONDON_OR_FALSE_REV_LONG,USDJPY,LONDON_OR_FALSE_REV_LONG,LONG,2025-03-27 11:00:00,2025-03-27 13:59:00,2.343762128825871,TIME,0.65,9,0.65,1.5234453837368163,0.0,0.8
EURUSD::BASE::E1_SHORT,EURUSD,E1_SHORT,SHORT,2025-03-28 17:25:00,2025-03-28 18:20:00,-1.10101010101018,SL,0.8,0,0.8,-0.8808080808081441,0.0,0.0
USDJPY::EXTRA::USDV2_M2,USDJPY,USDV2_M2,SHORT,2025-04-01 16:35:00,2025-04-01 16:39:00,-1.153314073298313,SL,0.65,10,0.65,-0.7496541476439035,0.0,0.0
GBPJPY::BASE::NY_LONDON_SWEEP_REV_LONG,GBPJPY,NY_LONDON_SWEEP_REV_LONG,LONG,2025-04-01 17:35:00,2025-04-01 18:01:00,2.850273039724356,TP,0.35,8,0.35,0.9975955639035244,0.0,0.0
GBPJPY::BASE::NY_OR30_BREAK_CONT_LONG,GBPJPY,NY_OR30_BREAK_CONT_LONG,LONG,2025-04-01 17:55:00,2025-04-01 20:54:00,0.7267028484603789,TIME,0.8,5,0.7000000000000001,0.5086919939222653,0.35,0.35
USDJPY::EXTRA::USDV2_M2,USDJPY,USDV2_M2,SHORT,2025-04-02 16:45:00,2025-04-02 16:46:00,-1.1506870987654263,SL,0.65,10,0.65,-0.7479466141975272,0.0,0.0
USDJPY::BASE::NY_OR30_BREAK_CONT_LONG,USDJPY,NY_OR30_BREAK_CONT_LONG,LONG,2025-04-03 20:30:00,2025-04-03 20:31:00,-1.2523579819700914,SL,0.5,11,0.5,-0.6261789909850457,0.0,0.0
USDJPY::BASE::LONDON_OR_FALSE_REV_LONG,USDJPY,LONDON_OR_FALSE_REV_LONG,LONG,2025-04-04 10:20:00,2025-04-04 13:16:00,-1.1377831478228098,SL,0.65,9,0.65,-0.7395590460848264,0.0,0.0
USDJPY::BASE::NY_OR30_BREAK_CONT_LONG,USDJPY,NY_OR30_BREAK_CONT_LONG,LONG,2025-04-04 18:05:00,2025-04-04 20:41:00,1.945397900944598,TP,0.5,11,0.5,0.972698950472299,0.0,0.0
USDJPY::BASE::NY_OR30_BREAK_CONT_LONG,USDJPY,NY_OR30_BREAK_CONT_LONG,LONG,2025-04-07 17:15:00,2025-04-07 17:20:00,-1.0586424340434466,SL,0.5,11,0.5,-0.5293212170217233,0.0,0.0
USDJPY::EXTRA::USDV2_M2,USDJPY,USDV2_M2,SHORT,2025-04-08 16:45:00,2025-04-08 17:04:00,-1.0693141814689942,SL,0.65,10,0.65,-0.6950542179548462,0.0,0.0
GBPJPY::BASE::LONDON_OR_FALSE_REV_LONG,GBPJPY,LONDON_OR_FALSE_REV_LONG,LONG,2025-04-09 10:45:00,2025-04-09 10:49:00,-1.1994210842649593,SL,0.65,7,0.65,-0.7796237047722235,0.0,0.0
USDJPY::BASE::LONDON_OR_BREAK_CONT_SHORT,USDJPY,LONDON_OR_BREAK_CONT_SHORT,SHORT,2025-04-09 15:00:00,2025-04-09 16:55:00,-1.0313879528784275,SL,0.5,12,0.5,-0.5156939764392138,0.0,0.0
GBPJPY::BASE::NY_LONDON_SWEEP_REV_LONG,GBPJPY,NY_LONDON_SWEEP_REV_LONG,LONG,2025-04-09 18:00:00,2025-04-09 19:15:00,2.898199202919526,TP,0.35,8,0.35,1.014369721021834,0.0,0.0
GBPJPY::BASE::NY_OR30_BREAK_CONT_LONG,GBPJPY,NY_OR30_BREAK_CONT_LONG,LONG,2025-04-09 20:25:00,2025-04-09 23:24:00,2.590538416530157,TIME,0.8,5,0.8,2.0724307332241256,0.0,0.0
USDJPY::BASE::NY_OR30_BREAK_CONT_LONG,USDJPY,NY_OR30_BREAK_CONT_LONG,LONG,2025-04-09 20:25:00,2025-04-09 21:06:00,1.94618983481574,TP,0.5,11,0.5,0.97309491740787,0.0,0.8
GBPJPY::NEW::LONDON_SWEEP_EXPANSION_LONG_V7,GBPJPY,LONDON_SWEEP_EXPANSION_LONG_V7,LONG,2025-04-10 10:50:00,2025-04-10 11:00:00,-1.1395599770349296,SL,0.8,21,0.8,-0.9116479816279437,0.0,0.0
GBPJPY::BASE::NY_OR30_BREAK_CONT_LONG,GBPJPY,NY_OR30_BREAK_CONT_LONG,LONG,2025-04-10 17:35:00,2025-04-10 18:46:00,-1.0585465811965395,SL,0.8,5,0.8,-0.8468372649572317,0.0,0.0
GBPJPY::BASE::NY_LONDON_SWEEP_REV_LONG,GBPJPY,NY_LONDON_SWEEP_REV_LONG,LONG,2025-04-10 17:35:00,2025-04-10 17:43:00,-1.176173602992635,SL,0.35,8,0.25,-0.29404340074815877,0.8,0.8
USDJPY::BASE::LONDON_OR_BREAK_CONT_SHORT,USDJPY,LONDON_OR_BREAK_CONT_SHORT,SHORT,2025-04-11 10:25:00,2025-04-11 16:24:00,1.4837467309195558,TIME,0.5,12,0.5,0.7418733654597779,0.0,0.0
USDJPY::EXTRA::USDV2_M2,USDJPY,USDV2_M2,SHORT,2025-04-11 16:40:00,2025-04-11 18:10:00,-1.0378264172274645,SL,0.65,10,0.65,-0.6745871711978519,0.0,0.0
USDJPY::BASE::NY_OR30_BREAK_CONT_LONG,USDJPY,NY_OR30_BREAK_CONT_LONG,LONG,2025-04-11 18:10:00,2025-04-14 00:12:00,0.5615722937867083,TIME,0.5,11,0.5,0.2807861468933541,0.0,0.0
USDJPY::EXTRA::USDV2_M2,USDJPY,USDV2_M2,SHORT,2025-04-15 16:55:00,2025-04-15 17:11:00,-1.0807912903225485,SL,0.65,10,0.65,-0.7025143387096565,0.0,0.0
USDJPY::BASE::LONDON_OR_BREAK_CONT_SHORT,USDJPY,LONDON_OR_BREAK_CONT_SHORT,SHORT,2025-04-16 10:45:00,2025-04-16 11:27:00,-1.0565829074685342,SL,0.5,12,0.5,-0.5282914537342671,0.0,0.0
USDJPY::BASE::LONDON_OR_FALSE_REV_LONG,USDJPY,LONDON_OR_FALSE_REV_LONG,LONG,2025-04-16 11:30:00,2025-04-16 14:29:00,0.1433632140662903,TIME,0.65,9,0.65,0.0931860891430887,0.0,0.0
USDJPY::BASE::LONDON_OR_BREAK_CONT_SHORT,USDJPY,LONDON_OR_BREAK_CONT_SHORT,SHORT,2025-04-22 10:35:00,2025-04-22 10:45:00,-1.054378748524167,SL,0.5,12,0.5,-0.5271893742620835,0.0,0.0
USDJPY::BASE::LONDON_OR_FALSE_REV_LONG,USDJPY,LONDON_OR_FALSE_REV_LONG,LONG,2025-04-23 10:35:00,2025-04-23 13:34:00,0.6090672256640182,TIME,0.65,9,0.65,0.39589369668161184,0.0,0.0
GBPJPY::BASE::LONDON_OR_FALSE_REV_LONG,GBPJPY,LONDON_OR_FALSE_REV_LONG,LONG,2025-04-28 11:30:00,2025-04-28 15:11:00,-1.168625583668108,SL,0.65,7,0.65,-0.7596066293842703,0.0,0.0
EURUSD::NEW::ASIA_SWEEP_EXPANSION_FVG_SHORT,EURUSD,ASIA_SWEEP_EXPANSION_FVG_SHORT,SHORT,2025-05-01 16:35:00,2025-05-01 17:16:00,2.881456392887359,TP,0.65,20,0.65,1.8729466553767835,0.0,0.0
EURUSD::BASE::E1_SHORT,EURUSD,E1_SHORT,SHORT,2025-05-02 16:30:00,2025-05-02 16:39:00,-1.056759545923645,SL,0.8,0,0.8,-0.8454076367389161,0.0,0.0
EURUSD::NEW::ASIA_SWEEP_EXPANSION_FVG_SHORT,EURUSD,ASIA_SWEEP_EXPANSION_FVG_SHORT,SHORT,2025-05-02 16:35:00,2025-05-02 16:37:00,-1.0722394220846858,SL,0.65,20,0.25,-0.26805985552117145,0.8,0.8
GBPJPY::BASE::NY_LONDON_SWEEP_REV_LONG,GBPJPY,NY_LONDON_SWEEP_REV_LONG,LONG,2025-05-02 17:10:00,2025-05-02 17:26:00,-1.4076991182795136,SL,0.35,8,0.35,-0.49269469139782973,0.0,0.0
GBPJPY::BASE::NY_OR30_BREAK_CONT_LONG,GBPJPY,NY_OR30_BREAK_CONT_LONG,LONG,2025-05-02 18:05:00,2025-05-02 21:04:00,0.6073303190071399,TIME,0.8,5,0.8,0.4858642552057119,0.0,0.0
GBPJPY::BASE::NY_LONDON_SWEEP_REV_LONG,GBPJPY,NY_LONDON_SWEEP_REV_LONG,LONG,2025-05-02 18:05:00,2025-05-02 22:41:00,2.8712994305164004,TP,0.35,8,0.25,0.7178248576291001,0.8,0.8
USDJPY::BASE::NY_OR30_BREAK_CONT_LONG,USDJPY,NY_OR30_BREAK_CONT_LONG,LONG,2025-05-02 18:20:00,2025-05-02 19:02:00,1.8895868867567152,TP,0.5,11,0.5,0.9447934433783576,0.0,1.05
USDJPY::BASE::LONDON_OR_BREAK_CONT_SHORT,USDJPY,LONDON_OR_BREAK_CONT_SHORT,SHORT,2025-05-06 10:30:00,2025-05-06 15:40:00,3.4352434240886134,TP,0.5,12,0.5,1.7176217120443067,0.0,0.0
USDJPY::BASE::NY_OR30_BREAK_CONT_LONG,USDJPY,NY_OR30_BREAK_CONT_LONG,LONG,2025-05-06 17:30:00,2025-05-06 20:47:00,-1.1120385020011625,SL,0.5,11,0.5,-0.5560192510005812,0.0,0.0
GBPJPY::NEW::LONDON_SWEEP_EXPANSION_LONG_V7,GBPJPY,LONDON_SWEEP_EXPANSION_LONG_V7,LONG,2025-05-07 11:55:00,2025-05-07 12:16:00,-1.2858870173394157,SL,0.8,21,0.8,-1.0287096138715326,0.0,0.0
USDJPY::BASE::NY_OR30_BREAK_CONT_LONG,USDJPY,NY_OR30_BREAK_CONT_LONG,LONG,2025-05-12 18:20:00,2025-05-12 20:08:00,1.8614044069404945,TP,0.5,11,0.5,0.9307022034702472,0.0,0.0
USDJPY::BASE::LONDON_OR_BREAK_CONT_SHORT,USDJPY,LONDON_OR_BREAK_CONT_SHORT,SHORT,2025-05-14 10:30:00,2025-05-14 11:07:00,3.422919909083872,TP,0.5,12,0.5,1.711459954541936,0.0,0.0
GBPJPY::BASE::LONDON_OR_FALSE_REV_LONG,GBPJPY,LONDON_OR_FALSE_REV_LONG,LONG,2025-05-14 10:55:00,2025-05-14 11:03:00,-1.1639703232451486,SL,0.65,7,0.65,-0.7565807101093466,0.0,0.5
GBPJPY::BASE::NY_LONDON_SWEEP_REV_LONG,GBPJPY,NY_LONDON_SWEEP_REV_LONG,LONG,2025-05-14 17:00:00,2025-05-14 17:00:00,-1.778264551767321,SL,0.35,8,0.35,-0.6223925931185623,0.0,0.0
GBPJPY::BASE::NY_LONDON_SWEEP_REV_LONG,GBPJPY,NY_LONDON_SWEEP_REV_LONG,LONG,2025-05-14 17:55:00,2025-05-14 19:41:00,2.8218077248962445,TP,0.35,8,0.35,0.9876327037136855,0.0,0.0
USDJPY::BASE::NY_OR30_BREAK_CONT_LONG,USDJPY,NY_OR30_BREAK_CONT_LONG,LONG,2025-05-14 17:55:00,2025-05-14 19:41:00,1.915068521223574,TP,0.5,11,0.5,0.957534260611787,0.0,0.35
GBPJPY::BASE::NY_OR30_BREAK_CONT_LONG,GBPJPY,NY_OR30_BREAK_CONT_LONG,LONG,2025-05-14 18:00:00,2025-05-14 20:59:00,-0.1937939000393457,TIME,0.8,5,0.7000000000000001,-0.135655730027542,0.35,0.85
USDJPY::BASE::LONDON_OR_BREAK_CONT_SHORT,USDJPY,LONDON_OR_BREAK_CONT_SHORT,SHORT,2025-05-19 10:30:00,2025-05-19 16:00:00,-1.0645870260392227,SL,0.5,12,0.5,-0.5322935130196114,0.0,0.0
USDJPY::EXTRA::USDV2_M2,USDJPY,USDV2_M2,SHORT,2025-05-19 17:25:00,2025-05-19 18:22:00,2.901925655172413,TP,0.65,10,0.65,1.8862516758620687,0.0,0.0
USDJPY::BASE::LONDON_OR_BREAK_CONT_SHORT,USDJPY,LONDON_OR_BREAK_CONT_SHORT,SHORT,2025-05-21 14:20:00,2025-05-21 14:31:00,-1.1030907090079178,SL,0.5,12,0.5,-0.5515453545039589,0.0,0.0
USDJPY::BASE::LONDON_OR_BREAK_CONT_SHORT,USDJPY,LONDON_OR_BREAK_CONT_SHORT,SHORT,2025-05-22 10:25:00,2025-05-22 11:10:00,3.3885655281970406,TP,0.5,12,0.5,1.6942827640985203,0.0,0.0
EURUSD::BASE::E1_SHORT,EURUSD,E1_SHORT,SHORT,2025-05-23 15:50:00,2025-05-23 18:50:00,-0.5821125674634015,TIME,0.8,0,0.8,-0.46569005397072116,0.0,0.0
USDJPY::EXTRA::USDV2_M2,USDJPY,USDV2_M2,SHORT,2025-05-30 16:50:00,2025-05-30 17:38:00,-1.0906654206808186,SL,0.65,10,0.65,-0.7089325234425321,0.0,0.0
USDJPY::BASE::LONDON_OR_BREAK_CONT_SHORT,USDJPY,LONDON_OR_BREAK_CONT_SHORT,SHORT,2025-06-02 10:25:00,2025-06-02 16:24:00,0.7307340884467719,TIME,0.5,12,0.5,0.36536704422338595,0.0,0.0
USDJPY::EXTRA::USDV2_M2,USDJPY,USDV2_M2,SHORT,2025-06-02 16:35:00,2025-06-02 17:00:00,2.8697182899629565,TP,0.65,10,0.65,1.8653168884759217,0.0,0.0
GBPJPY::BASE::NY_LONDON_SWEEP_REV_LONG,GBPJPY,NY_LONDON_SWEEP_REV_LONG,LONG,2025-06-04 17:55:00,2025-06-04 18:14:00,-1.286351570429492,SL,0.35,8,0.35,-0.4502230496503222,0.0,0.0
EURUSD::NEW::ASIA_SWEEP_EXPANSION_FVG_SHORT,EURUSD,ASIA_SWEEP_EXPANSION_FVG_SHORT,SHORT,2025-06-05 16:35:00,2025-06-05 18:05:00,2.9276485788113327,TP,0.65,20,0.65,1.9029715762273662,0.0,0.0
USDJPY::EXTRA::USDV2_M2,USDJPY,USDV2_M2,SHORT,2025-06-12 17:35:00,2025-06-12 18:04:00,-1.0830866548671592,SL,0.65,10,0.65,-0.7040063256636535,0.0,0.0
USDJPY::EXTRA::USDV2_M2,USDJPY,USDV2_M2,SHORT,2025-06-12 18:05:00,2025-06-12 21:22:00,2.9044944850948085,TP,0.65,10,0.65,1.8879214153116255,0.0,0.0
USDJPY::BASE::LONDON_OR_FALSE_REV_LONG,USDJPY,LONDON_OR_FALSE_REV_LONG,LONG,2025-06-17 12:00:00,2025-06-17 13:19:00,-1.2034782914786268,SL,0.65,9,0.65,-0.7822608894611075,0.0,0.0
EURUSD::BASE::E2_SHORT,EURUSD,E2_SHORT,SHORT,2025-06-17 16:35:00,2025-06-17 17:26:00,2.8623402163224267,TP,0.65,1,0.65,1.8605211406095774,0.0,0.0
EURUSD::NEW::ASIA_SWEEP_EXPANSION_FVG_SHORT,EURUSD,ASIA_SWEEP_EXPANSION_FVG_SHORT,SHORT,2025-06-17 16:35:00,2025-06-17 17:26:00,2.8623402163224267,TP,0.65,20,0.4,1.1449360865289708,0.65,0.65
USDJPY::BASE::LONDON_OR_FALSE_REV_LONG,USDJPY,LONDON_OR_FALSE_REV_LONG,LONG,2025-06-23 10:35:00,2025-06-23 12:05:00,3.792896627581839,TP,0.65,9,0.65,2.4653828079281954,0.0,0.0
USDJPY::BASE::LONDON_OR_FALSE_REV_LONG,USDJPY,LONDON_OR_FALSE_REV_LONG,LONG,2025-06-24 10:35:00,2025-06-24 11:23:00,-1.173054877139722,SL,0.65,9,0.65,-0.7624856701408194,0.0,0.0
USDJPY::BASE::LONDON_OR_BREAK_CONT_SHORT,USDJPY,LONDON_OR_BREAK_CONT_SHORT,SHORT,2025-06-24 11:25:00,2025-06-24 17:24:00,1.779972425474243,TIME,0.5,12,0.5,0.8899862127371215,0.0,0.0
USDJPY::BASE::LONDON_OR_FALSE_REV_LONG,USDJPY,LONDON_OR_FALSE_REV_LONG,LONG,2025-06-25 11:20:00,2025-06-25 14:19:00,2.0230804430863705,TIME,0.65,9,0.65,1.315002288006141,0.0,0.0
USDJPY::BASE::LONDON_OR_BREAK_CONT_SHORT,USDJPY,LONDON_OR_BREAK_CONT_SHORT,SHORT,2025-06-26 10:45:00,2025-06-26 14:15:00,-1.0672458773783908,SL,0.5,12,0.5,-0.5336229386891954,0.0,0.0
EURUSD::BASE::E1_SHORT,EURUSD,E1_SHORT,SHORT,2025-06-27 16:05:00,2025-06-27 16:31:00,1.4172932330827448,TP,0.8,0,0.8,1.1338345864661958,0.0,0.0
USDJPY::BASE::LONDON_OR_FALSE_REV_LONG,USDJPY,LONDON_OR_FALSE_REV_LONG,LONG,2025-06-30 10:30:00,2025-06-30 13:29:00,1.305969959605231,TIME,0.65,9,0.65,0.8488804737434001,0.0,0.0
USDJPY::EXTRA::USDV2_M2,USDJPY,USDV2_M2,SHORT,2025-07-01 16:35:00,2025-07-01 16:49:00,2.873303158844583,TP,0.65,10,0.65,1.867647053248979,0.0,0.0
USDJPY::EXTRA::USDV2_M2,USDJPY,USDV2_M2,SHORT,2025-07-01 17:10:00,2025-07-01 18:04:00,-1.068461091086256,SL,0.65,10,0.65,-0.6944997092060664,0.0,0.0
GBPJPY::BASE::NY_LONDON_SWEEP_REV_LONG,GBPJPY,NY_LONDON_SWEEP_REV_LONG,LONG,2025-07-02 17:30:00,2025-07-02 17:30:00,-1.4472982476107163,SL,0.35,8,0.35,-0.5065543866637507,0.0,0.0
USDJPY::BASE::NY_OR30_BREAK_CONT_LONG,USDJPY,NY_OR30_BREAK_CONT_LONG,LONG,2025-07-03 17:20:00,2025-07-03 23:19:00,0.0485384974552798,TIME,0.5,11,0.5,0.0242692487276399,0.0,0.0
GBPJPY::BASE::LONDON_OR_FALSE_REV_LONG,GBPJPY,LONDON_OR_FALSE_REV_LONG,LONG,2025-07-07 10:40:00,2025-07-07 11:25:00,-1.242619278569204,SL,0.65,7,0.65,-0.8077025310699827,0.0,0.0
GBPJPY::BASE::LONDON_OR_FALSE_REV_LONG,GBPJPY,LONDON_OR_FALSE_REV_LONG,LONG,2025-07-07 12:25:00,2025-07-07 12:55:00,2.7880396363461024,TP,0.65,7,0.65,1.8122257636249666,0.0,0.0
GBPJPY::NEW::LONDON_SWEEP_EXPANSION_LONG_V7,GBPJPY,LONDON_SWEEP_EXPANSION_LONG_V7,LONG,2025-07-15 12:00:00,2025-07-15 14:17:00,3.6754696248855954,TP,0.8,21,0.8,2.9403756999084765,0.0,0.0
USDJPY::BASE::LONDON_OR_BREAK_CONT_SHORT,USDJPY,LONDON_OR_BREAK_CONT_SHORT,SHORT,2025-07-21 11:35:00,2025-07-21 12:03:00,-1.0831222470608457,SL,0.5,12,0.5,-0.5415611235304228,0.0,0.0
USDJPY::EXTRA::USDV2_M2,USDJPY,USDV2_M2,SHORT,2025-07-21 16:40:00,2025-07-21 17:00:00,2.846683983050996,TP,0.65,10,0.65,1.8503445889831474,0.0,0.0
GBPJPY::BASE::NY_LONDON_SWEEP_REV_LONG,GBPJPY,NY_LONDON_SWEEP_REV_LONG,LONG,2025-07-22 18:20:00,2025-07-22 18:22:00,-1.6178537995962985,SL,0.35,8,0.35,-0.5662488298587044,0.0,0.0
GBPJPY::BASE::NY_OR30_BREAK_CONT_LONG,GBPJPY,NY_OR30_BREAK_CONT_LONG,LONG,2025-07-22 19:05:00,2025-07-22 22:04:00,1.380030835278934,TIME,0.8,5,0.8,1.1040246682231474,0.0,0.0
USDJPY::EXTRA::USDV2_M2,USDJPY,USDV2_M2,SHORT,2025-07-23 16:35:00,2025-07-23 17:03:00,2.881398168316769,TP,0.65,10,0.65,1.8729088094058999,0.0,0.0
GBPJPY::BASE::NY_OR30_BREAK_CONT_LONG,GBPJPY,NY_OR30_BREAK_CONT_LONG,LONG,2025-07-23 18:00:00,2025-07-23 20:59:00,1.090559040192906,TIME,0.8,5,0.8,0.8724472321543248,0.0,0.0
USDJPY::BASE::LONDON_OR_FALSE_REV_LONG,USDJPY,LONDON_OR_FALSE_REV_LONG,LONG,2025-07-24 10:35:00,2025-07-24 13:34:00,1.6900741685766387,TIME,0.65,9,0.65,1.0985482095748151,0.0,0.0
GBPJPY::BASE::NY_LONDON_SWEEP_REV_LONG,GBPJPY,NY_LONDON_SWEEP_REV_LONG,LONG,2025-07-25 16:50:00,2025-07-25 19:40:00,-1.1927880872237706,SL,0.35,8,0.35,-0.4174758305283197,0.0,0.0
USDJPY::BASE::LONDON_OR_FALSE_REV_LONG,USDJPY,LONDON_OR_FALSE_REV_LONG,LONG,2025-07-28 10:35:00,2025-07-28 13:34:00,1.886162562930851,TIME,0.65,9,0.65,1.226005665905053,0.0,0.0
USDJPY::BASE::NY_OR30_BREAK_CONT_LONG,USDJPY,NY_OR30_BREAK_CONT_LONG,LONG,2025-07-31 17:25:00,2025-07-31 17:49:00,-1.148016999385855,SL,0.5,11,0.5,-0.5740084996929276,0.0,0.0
USDJPY::BASE::NY_OR30_BREAK_CONT_LONG,USDJPY,NY_OR30_BREAK_CONT_LONG,LONG,2025-07-31 19:10:00,2025-08-01 01:11:00,0.3604053372433793,TIME,0.5,11,0.5,0.18020266862168965,0.0,0.0
EURUSD::BASE::E1_SHORT,EURUSD,E1_SHORT,SHORT,2025-08-01 15:40:00,2025-08-01 15:44:00,-1.0528338136407098,SL,0.8,0,0.8,-0.8422670509125679,0.0,0.0
USDJPY::BASE::NY_OR30_BREAK_CONT_LONG,USDJPY,NY_OR30_BREAK_CONT_LONG,LONG,2025-08-04 18:40:00,2025-08-04 20:47:00,-1.1439512540483452,SL,0.5,11,0.5,-0.5719756270241726,0.0,0.0
GBPJPY::NEW::LONDON_SWEEP_EXPANSION_LONG_V7,GBPJPY,LONDON_SWEEP_EXPANSION_LONG_V7,LONG,2025-08-05 11:00:00,2025-08-05 12:47:00,3.784979152562151,TP,0.8,21,0.8,3.027983322049721,0.0,0.0
USDJPY::BASE::LONDON_OR_BREAK_CONT_SHORT,USDJPY,LONDON_OR_BREAK_CONT_SHORT,SHORT,2025-08-07 10:40:00,2025-08-07 11:02:00,-1.07967261562993,SL,0.5,12,0.5,-0.539836307814965,0.0,0.0
USDJPY::BASE::LONDON_OR_FALSE_REV_LONG,USDJPY,LONDON_OR_FALSE_REV_LONG,LONG,2025-08-07 11:20:00,2025-08-07 14:19:00,0.989162365389492,TIME,0.65,9,0.65,0.6429555375031698,0.0,0.0
GBPJPY::NEW::LONDON_SWEEP_EXPANSION_LONG_V7,GBPJPY,LONDON_SWEEP_EXPANSION_LONG_V7,LONG,2025-08-11 11:20:00,2025-08-11 13:18:00,3.686312038140638,TP,0.8,21,0.8,2.9490496305125102,0.0,0.0
EURUSD::BASE::E2_SHORT,EURUSD,E2_SHORT,SHORT,2025-08-12 16:35:00,2025-08-12 16:44:00,-1.0741132874537138,SL,0.65,1,0.65,-0.698173636844914,0.0,0.0
EURUSD::NEW::ASIA_SWEEP_EXPANSION_FVG_SHORT,EURUSD,ASIA_SWEEP_EXPANSION_FVG_SHORT,SHORT,2025-08-12 16:35:00,2025-08-12 16:44:00,-1.0741132874537138,SL,0.65,20,0.4,-0.42964531498148556,0.65,0.65
USDJPY::BASE::LONDON_OR_BREAK_CONT_SHORT,USDJPY,LONDON_OR_BREAK_CONT_SHORT,SHORT,2025-08-13 10:25:00,2025-08-13 16:24:00,0.852743882658947,TIME,0.5,12,0.5,0.4263719413294735,0.0,0.0
GBPJPY::BASE::LONDON_OR_FALSE_REV_LONG,GBPJPY,LONDON_OR_FALSE_REV_LONG,LONG,2025-08-13 11:00:00,2025-08-13 11:29:00,-1.243365002641263,SL,0.65,7,0.65,-0.808187251716821,0.0,0.5
GBPJPY::BASE::LONDON_OR_FALSE_REV_LONG,GBPJPY,LONDON_OR_FALSE_REV_LONG,LONG,2025-08-13 12:30:00,2025-08-13 14:06:00,2.667692434210504,TP,0.65,7,0.65,1.7340000822368278,0.0,0.5
EURUSD::BASE::E2_SHORT,EURUSD,E2_SHORT,SHORT,2025-08-13 16:35:00,2025-08-13 16:52:00,-1.1960784313725474,SL,0.65,1,0.65,-0.7774509803921559,0.0,0.0
USDJPY::BASE::LONDON_OR_BREAK_CONT_SHORT,USDJPY,LONDON_OR_BREAK_CONT_SHORT,SHORT,2025-08-15 11:05:00,2025-08-15 15:26:00,-1.0879181906101638,SL,0.5,12,0.5,-0.5439590953050819,0.0,0.0
EURUSD::BASE::E2_SHORT,EURUSD,E2_SHORT,SHORT,2025-08-19 16:35:00,2025-08-19 18:59:00,2.785604900459214,TP,0.65,1,0.65,1.8106431852984892,0.0,0.0
EURUSD::NEW::ASIA_SWEEP_EXPANSION_FVG_SHORT,EURUSD,ASIA_SWEEP_EXPANSION_FVG_SHORT,SHORT,2025-08-19 16:35:00,2025-08-19 18:59:00,2.785604900459214,TP,0.65,20,0.4,1.1142419601836857,0.65,0.65
GBPJPY::BASE::LONDON_OR_FALSE_REV_LONG,GBPJPY,LONDON_OR_FALSE_REV_LONG,LONG,2025-08-22 10:35:00,2025-08-22 11:56:00,2.705848344476222,TP,0.65,7,0.65,1.7588014239095442,0.0,0.0
EURUSD::BASE::E1_SHORT,EURUSD,E1_SHORT,SHORT,2025-08-22 17:15:00,2025-08-22 17:16:00,-1.0736771600803767,SL,0.8,0,0.8,-0.8589417280643015,0.0,0.0
GBPJPY::NEW::LONDON_SWEEP_EXPANSION_LONG_V7,GBPJPY,LONDON_SWEEP_EXPANSION_LONG_V7,LONG,2025-08-25 10:40:00,2025-08-25 12:08:00,-1.19498183165694,SL,0.8,21,0.8,-0.9559854653255521,0.0,0.0
GBPJPY::BASE::LONDON_OR_FALSE_REV_LONG,GBPJPY,LONDON_OR_FALSE_REV_LONG,LONG,2025-08-25 10:55:00,2025-08-25 11:22:00,-1.289629009309012,SL,0.65,7,0.25,-0.322407252327253,0.8,0.8
USDJPY::BASE::LONDON_OR_BREAK_CONT_SHORT,USDJPY,LONDON_OR_BREAK_CONT_SHORT,SHORT,2025-08-28 10:45:00,2025-08-28 11:31:00,-1.1031032327807757,SL,0.5,12,0.5,-0.5515516163903879,0.0,0.0
USDJPY::EXTRA::USDV2_M2,USDJPY,USDV2_M2,SHORT,2025-08-28 16:40:00,2025-08-28 20:03:00,2.909798936835489,TP,0.65,10,0.65,1.8913693089430679,0.0,0.0
GBPJPY::NEW::LONDON_SWEEP_EXPANSION_LONG_V7,GBPJPY,LONDON_SWEEP_EXPANSION_LONG_V7,LONG,2025-08-29 12:00:00,2025-08-29 12:51:00,-1.307247873632984,SL,0.8,21,0.8,-1.0457982989063872,0.0,0.0
EURUSD::BASE::E1_SHORT,EURUSD,E1_SHORT,SHORT,2025-08-29 17:40:00,2025-08-29 17:52:00,1.3695136417555749,TP,0.8,0,0.8,1.09561091340446,0.0,0.0
EURUSD::BASE::E1_SHORT,EURUSD,E1_SHORT,SHORT,2025-08-29 18:10:00,2025-08-29 21:09:00,-0.0204708290686545,TIME,0.8,0,0.8,-0.016376663254923603,0.0,0.0
GBPJPY::BASE::NY_LONDON_SWEEP_REV_LONG,GBPJPY,NY_LONDON_SWEEP_REV_LONG,LONG,2025-09-02 17:30:00,2025-09-02 17:32:00,-1.5324635025965625,SL,0.35,8,0.35,-0.5363622259087968,0.0,0.0
GBPJPY::BASE::LONDON_OR_FALSE_REV_LONG,GBPJPY,LONDON_OR_FALSE_REV_LONG,LONG,2025-09-03 11:10:00,2025-09-03 15:20:00,2.8099450678654843,TP,0.65,7,0.65,1.8264642941125648,0.0,0.0
GBPJPY::BASE::LONDON_OR_FALSE_REV_LONG,GBPJPY,LONDON_OR_FALSE_REV_LONG,LONG,2025-09-04 10:45:00,2025-09-04 16:44:00,2.366556081010687,TIME,0.65,7,0.65,1.5382614526569467,0.0,0.0
USDJPY::BASE::LONDON_OR_BREAK_CONT_SHORT,USDJPY,LONDON_OR_BREAK_CONT_SHORT,SHORT,2025-09-05 11:10:00,2025-09-05 15:30:00,3.3357628178439858,TP,0.5,12,0.5,1.6678814089219929,0.0,0.0
USDJPY::EXTRA::USDV2_M2,USDJPY,USDV2_M2,SHORT,2025-09-08 17:45:00,2025-09-08 18:09:00,2.85394641129022,TP,0.65,10,0.65,1.8550651673386431,0.0,0.0
EURUSD::NEW::ASIA_SWEEP_EXPANSION_FVG_SHORT,EURUSD,ASIA_SWEEP_EXPANSION_FVG_SHORT,SHORT,2025-09-10 16:35:00,2025-09-10 22:34:00,2.2872200263503357,TIME,0.65,20,0.65,1.4866930171277182,0.0,0.0
EURUSD::NEW::ASIA_SWEEP_EXPANSION_FVG_SHORT,EURUSD,ASIA_SWEEP_EXPANSION_FVG_SHORT,SHORT,2025-09-11 16:35:00,2025-09-11 17:07:00,-1.0627802690582395,SL,0.65,20,0.65,-0.6908071748878557,0.0,0.0
USDJPY::BASE::LONDON_OR_FALSE_REV_LONG,USDJPY,LONDON_OR_FALSE_REV_LONG,LONG,2025-09-12 10:30:00,2025-09-12 11:03:00,3.265295320064601,TP,0.65,9,0.65,2.122441958041991,0.0,0.0
USDJPY::BASE::LONDON_OR_BREAK_CONT_SHORT,USDJPY,LONDON_OR_BREAK_CONT_SHORT,SHORT,2025-09-15 11:05:00,2025-09-15 17:04:00,0.1654333613545534,TIME,0.5,12,0.5,0.0827166806772767,0.0,0.0
USDJPY::EXTRA::USDV2_M2,USDJPY,USDV2_M2,SHORT,2025-09-15 17:10:00,2025-09-15 17:24:00,-1.200082880886684,SL,0.65,10,0.65,-0.7800538725763446,0.0,0.0
USDJPY::EXTRA::USDV2_M2,USDJPY,USDV2_M2,SHORT,2025-09-15 17:40:00,2025-09-15 17:41:00,-1.2072074318509192,SL,0.65,10,0.65,-0.7846848307030975,0.0,0.0
USDJPY::BASE::LONDON_OR_FALSE_REV_LONG,USDJPY,LONDON_OR_FALSE_REV_LONG,LONG,2025-09-25 10:50:00,2025-09-25 11:17:00,-1.5182000000002185,SL,0.65,9,0.65,-0.9868300000001421,0.0,0.0
GBPJPY::BASE::NY_OR30_BREAK_CONT_LONG,GBPJPY,NY_OR30_BREAK_CONT_LONG,LONG,2025-09-25 17:35:00,2025-09-25 20:34:00,-0.5341438204833431,TIME,0.8,5,0.8,-0.4273150563866745,0.0,0.0
EURUSD::NEW::ASIA_SWEEP_EXPANSION_FVG_SHORT,EURUSD,ASIA_SWEEP_EXPANSION_FVG_SHORT,SHORT,2025-09-26 16:35:00,2025-09-26 17:02:00,-1.1356589147287313,SL,0.65,20,0.65,-0.7381782945736753,0.0,0.0
USDJPY::BASE::LONDON_OR_BREAK_CONT_SHORT,USDJPY,LONDON_OR_BREAK_CONT_SHORT,SHORT,2025-09-30 11:05:00,2025-09-30 17:04:00,0.3353468829819012,TIME,0.5,12,0.5,0.1676734414909506,0.0,0.0
USDJPY::BASE::LONDON_OR_BREAK_CONT_SHORT,USDJPY,LONDON_OR_BREAK_CONT_SHORT,SHORT,2025-10-01 11:20:00,2025-10-01 12:50:00,-1.0764223529411154,SL,0.5,12,0.5,-0.5382111764705577,0.0,0.0
GBPJPY::BASE::NY_LONDON_SWEEP_REV_LONG,GBPJPY,NY_LONDON_SWEEP_REV_LONG,LONG,2025-10-02 17:50:00,2025-10-02 23:49:00,2.071658826382726,TIME,0.35,8,0.35,0.725080589233954,0.0,0.0
USDJPY::BASE::NY_OR30_BREAK_CONT_LONG,USDJPY,NY_OR30_BREAK_CONT_LONG,LONG,2025-10-09 18:00:00,2025-10-10 00:01:00,-0.60077838414431,TIME,0.5,11,0.5,-0.300389192072155,0.0,0.0
GBPJPY::BASE::NY_OR30_BREAK_CONT_LONG,GBPJPY,NY_OR30_BREAK_CONT_LONG,LONG,2025-10-14 17:30:00,2025-10-14 18:01:00,-1.090046502196663,SL,0.8,5,0.8,-0.8720372017573305,0.0,0.0
GBPJPY::NEW::LONDON_SWEEP_EXPANSION_LONG_V7,GBPJPY,LONDON_SWEEP_EXPANSION_LONG_V7,LONG,2025-10-16 10:45:00,2025-10-16 11:44:00,3.762774107142902,TP,0.8,21,0.8,3.0102192857143217,0.0,0.0
GBPJPY::BASE::LONDON_OR_FALSE_REV_LONG,GBPJPY,LONDON_OR_FALSE_REV_LONG,LONG,2025-10-16 11:00:00,2025-10-16 16:59:00,-1.131012992424295,SL,0.65,7,0.25,-0.2827532481060738,0.8,0.8
USDJPY::BASE::LONDON_OR_FALSE_REV_LONG,USDJPY,LONDON_OR_FALSE_REV_LONG,LONG,2025-10-17 10:25:00,2025-10-17 13:24:00,0.69692782824826,TIME,0.65,9,0.65,0.45300308836136904,0.0,0.0
USDJPY::BASE::NY_OR30_BREAK_CONT_LONG,USDJPY,NY_OR30_BREAK_CONT_LONG,LONG,2025-10-17 19:10:00,2025-10-20 00:58:00,-1.1921496746607114,SL,0.5,11,0.5,-0.5960748373303557,0.0,0.0
GBPJPY::BASE::NY_OR30_BREAK_CONT_LONG,GBPJPY,NY_OR30_BREAK_CONT_LONG,LONG,2025-10-17 20:10:00,2025-10-17 23:09:00,1.7545262923350693,TIME,0.8,5,0.8,1.4036210338680555,0.0,0.5
USDJPY::BASE::NY_OR30_BREAK_CONT_LONG,USDJPY,NY_OR30_BREAK_CONT_LONG,LONG,2025-10-21 18:10:00,2025-10-22 00:11:00,0.0407998747041443,TIME,0.5,11,0.5,0.02039993735207215,0.0,0.0
GBPJPY::BASE::NY_OR30_BREAK_CONT_LONG,GBPJPY,NY_OR30_BREAK_CONT_LONG,LONG,2025-10-21 19:05:00,2025-10-21 19:53:00,-1.1323199529772952,SL,0.8,5,0.8,-0.9058559623818362,0.0,0.5
GBPJPY::NEW::LONDON_SWEEP_EXPANSION_LONG_V7,GBPJPY,LONDON_SWEEP_EXPANSION_LONG_V7,LONG,2025-10-22 10:10:00,2025-10-22 11:14:00,-1.10474419218882,SL,0.8,21,0.8,-0.883795353751056,0.0,0.0
GBPJPY::NEW::LONDON_SWEEP_EXPANSION_LONG_V7,GBPJPY,LONDON_SWEEP_EXPANSION_LONG_V7,LONG,2025-10-24 10:35:00,2025-10-24 10:54:00,-1.181146697187753,SL,0.8,21,0.8,-0.9449173577502024,0.0,0.0
EURUSD::BASE::E1_SHORT,EURUSD,E1_SHORT,SHORT,2025-10-24 15:40:00,2025-10-24 17:53:00,1.3832271762208592,TP,0.8,0,0.8,1.1065817409766874,0.0,0.0
GBPJPY::NEW::LONDON_SWEEP_EXPANSION_LONG_V7,GBPJPY,LONDON_SWEEP_EXPANSION_LONG_V7,LONG,2025-10-27 10:30:00,2025-10-27 16:29:00,2.4543017516697505,TIME,0.8,21,0.8,1.9634414013358006,0.0,0.0
USDJPY::EXTRA::USDV2_M2,USDJPY,USDV2_M2,SHORT,2025-10-28 16:10:00,2025-10-28 16:14:00,-1.1544757971016495,SL,0.65,10,0.65,-0.7504092681160722,0.0,0.0
USDJPY::EXTRA::USDV2_M2,USDJPY,USDV2_M2,SHORT,2025-10-28 16:40:00,2025-10-28 16:41:00,-1.152251999999848,SL,0.65,10,0.65,-0.7489637999999011,0.0,0.0
GBPJPY::NEW::LONDON_SWEEP_EXPANSION_LONG_V7,GBPJPY,LONDON_SWEEP_EXPANSION_LONG_V7,LONG,2025-10-29 10:40:00,2025-10-29 15:25:00,-1.293439893859036,SL,0.8,21,0.8,-1.0347519150872289,0.0,0.0
USDJPY::BASE::LONDON_OR_FALSE_REV_LONG,USDJPY,LONDON_OR_FALSE_REV_LONG,LONG,2025-10-29 11:05:00,2025-10-29 14:04:00,0.2231911569523444,TIME,0.65,9,0.65,0.14507425201902385,0.0,0.8
USDJPY::BASE::NY_OR30_BREAK_CONT_LONG,USDJPY,NY_OR30_BREAK_CONT_LONG,LONG,2025-10-30 18:05:00,2025-10-30 18:19:00,-1.1589536878215854,SL,0.5,11,0.5,-0.5794768439107927,0.0,0.0
GBPJPY::BASE::LONDON_OR_FALSE_REV_LONG,GBPJPY,LONDON_OR_FALSE_REV_LONG,LONG,2025-10-31 10:40:00,2025-10-31 12:38:00,-1.1688566423086737,SL,0.65,7,0.65,-0.759756817500638,0.0,0.0
USDJPY::BASE::LONDON_OR_FALSE_REV_LONG,USDJPY,LONDON_OR_FALSE_REV_LONG,LONG,2025-11-04 10:30:00,2025-11-04 11:51:00,-1.2302890456432338,SL,0.65,9,0.65,-0.7996878796681021,0.0,0.0
GBPJPY::BASE::NY_LONDON_SWEEP_REV_LONG,GBPJPY,NY_LONDON_SWEEP_REV_LONG,LONG,2025-11-04 17:00:00,2025-11-04 17:34:00,-1.2107240444025722,SL,0.35,8,0.35,-0.42375341554090024,0.0,0.0
USDJPY::EXTRA::USDV2_M2,USDJPY,USDV2_M2,SHORT,2025-11-04 17:05:00,2025-11-04 19:51:00,-1.14158188146747,SL,0.65,10,0.65,-0.7420282229538556,0.0,0.35
GBPJPY::BASE::NY_LONDON_SWEEP_REV_LONG,GBPJPY,NY_LONDON_SWEEP_REV_LONG,LONG,2025-11-04 17:35:00,2025-11-04 17:39:00,2.395860006455851,TP,0.35,8,0.35,0.8385510022595477,0.0,0.65
GBPJPY::BASE::NY_OR30_BREAK_CONT_LONG,GBPJPY,NY_OR30_BREAK_CONT_LONG,LONG,2025-11-04 18:40:00,2025-11-04 19:40:00,-1.1164130642954944,SL,0.8,5,0.8,-0.8931304514363956,0.0,0.65
USDJPY::BASE::LONDON_OR_BREAK_CONT_SHORT,USDJPY,LONDON_OR_BREAK_CONT_SHORT,SHORT,2025-11-06 14:40:00,2025-11-06 15:30:00,3.01064337320845,TP,0.5,12,0.5,1.505321686604225,0.0,0.0
GBPJPY::BASE::NY_OR30_BREAK_CONT_LONG,GBPJPY,NY_OR30_BREAK_CONT_LONG,LONG,2025-11-07 17:10:00,2025-11-07 17:44:00,-1.0775462953677986,SL,0.8,5,0.8,-0.8620370362942389,0.0,0.0
USDJPY::BASE::LONDON_OR_FALSE_REV_LONG,USDJPY,LONDON_OR_FALSE_REV_LONG,LONG,2025-11-10 10:25:00,2025-11-10 13:24:00,1.048267968634516,TIME,0.65,9,0.65,0.6813741796124354,0.0,0.0
USDJPY::BASE::NY_OR30_BREAK_CONT_LONG,USDJPY,NY_OR30_BREAK_CONT_LONG,LONG,2025-11-11 18:20:00,2025-11-12 00:21:00,-0.0077277629936181,TIME,0.5,11,0.5,-0.00386388149680905,0.0,0.0
GBPJPY::NEW::LONDON_SWEEP_EXPANSION_LONG_V7,GBPJPY,LONDON_SWEEP_EXPANSION_LONG_V7,LONG,2025-11-12 11:05:00,2025-11-12 14:33:00,-1.1729303571427685,SL,0.8,21,0.8,-0.9383442857142148,0.0,0.0
GBPJPY::BASE::LONDON_OR_FALSE_REV_LONG,GBPJPY,LONDON_OR_FALSE_REV_LONG,LONG,2025-11-13 10:55:00,2025-11-13 11:11:00,-1.218127348806407,SL,0.65,7,0.65,-0.7917827767241646,0.0,0.0
EURUSD::BASE::E2_SHORT,EURUSD,E2_SHORT,SHORT,2025-11-14 16:35:00,2025-11-14 17:01:00,2.8071625344350983,TP,0.65,1,0.65,1.824655647382814,0.0,0.0
EURUSD::NEW::ASIA_SWEEP_EXPANSION_FVG_SHORT,EURUSD,ASIA_SWEEP_EXPANSION_FVG_SHORT,SHORT,2025-11-14 16:35:00,2025-11-14 17:01:00,2.8071625344350983,TP,0.65,20,0.4,1.1228650137740395,0.65,0.65
USDJPY::EXTRA::USDV2_M2,USDJPY,USDV2_M2,SHORT,2025-11-14 16:50:00,2025-11-14 17:00:00,-1.08637608,SL,0.65,10,0.6499999999999999,-0.7061444519999999,0.0,1.05
USDJPY::BASE::NY_OR30_BREAK_CONT_LONG,USDJPY,NY_OR30_BREAK_CONT_LONG,LONG,2025-11-14 17:40:00,2025-11-14 23:39:00,0.5454463613736891,TIME,0.5,11,0.5,0.27272318068684454,0.0,0.0
GBPJPY::BASE::NY_OR30_BREAK_CONT_LONG,GBPJPY,NY_OR30_BREAK_CONT_LONG,LONG,2025-11-14 18:15:00,2025-11-14 21:14:00,0.338390455585609,TIME,0.8,5,0.8,0.2707123644684872,0.0,0.5
USDJPY::BASE::NY_OR30_BREAK_CONT_LONG,USDJPY,NY_OR30_BREAK_CONT_LONG,LONG,2025-11-19 17:45:00,2025-11-19 17:56:00,-1.2630583845476546,SL,0.5,11,0.5,-0.6315291922738273,0.0,0.0
USDJPY::BASE::NY_OR30_BREAK_CONT_LONG,USDJPY,NY_OR30_BREAK_CONT_LONG,LONG,2025-11-19 18:25:00,2025-11-19 21:42:00,1.810837563131385,TP,0.5,11,0.5,0.9054187815656926,0.0,0.0
EURUSD::NEW::ASIA_SWEEP_EXPANSION_FVG_SHORT,EURUSD,ASIA_SWEEP_EXPANSION_FVG_SHORT,SHORT,2025-11-20 16:35:00,2025-11-20 22:34:00,1.4761476147613517,TIME,0.65,20,0.65,0.9594959495948786,0.0,0.0
USDJPY::BASE::NY_OR30_BREAK_CONT_LONG,USDJPY,NY_OR30_BREAK_CONT_LONG,LONG,2025-11-20 17:15:00,2025-11-20 18:04:00,-1.1285558965580282,SL,0.5,11,0.5,-0.5642779482790141,0.0,0.65
USDJPY::EXTRA::USDV2_M2,USDJPY,USDV2_M2,SHORT,2025-11-21 16:35:00,2025-11-21 16:49:00,2.835526652406504,TP,0.65,10,0.65,1.8430923240642278,0.0,0.0
GBPJPY::BASE::NY_LONDON_SWEEP_REV_LONG,GBPJPY,NY_LONDON_SWEEP_REV_LONG,LONG,2025-11-21 17:45:00,2025-11-21 19:24:00,2.8342368629053034,TP,0.35,8,0.35,0.9919829020168561,0.0,0.0
GBPJPY::NEW::LONDON_SWEEP_EXPANSION_LONG_V7,GBPJPY,LONDON_SWEEP_EXPANSION_LONG_V7,LONG,2025-11-25 11:15:00,2025-11-25 17:14:00,1.724654901821169,TIME,0.8,21,0.8,1.3797239214569352,0.0,0.0
USDJPY::BASE::NY_OR30_BREAK_CONT_LONG,USDJPY,NY_OR30_BREAK_CONT_LONG,LONG,2025-11-25 18:50:00,2025-11-25 19:00:00,-1.200760388925987,SL,0.5,11,0.5,-0.6003801944629935,0.0,0.0
USDJPY::EXTRA::USDV2_M2,USDJPY,USDV2_M2,SHORT,2025-11-28 16:35:00,2025-11-28 16:42:00,-1.1713300894853045,SL,0.65,10,0.65,-0.7613645581654479,0.0,0.0
USDJPY::BASE::LONDON_OR_FALSE_REV_LONG,USDJPY,LONDON_OR_FALSE_REV_LONG,LONG,2025-12-01 10:40:00,2025-12-01 11:45:00,-1.1873597492161392,SL,0.65,9,0.65,-0.7717838369904905,0.0,0.0
USDJPY::EXTRA::USDV2_M2,USDJPY,USDV2_M2,SHORT,2025-12-01 17:15:00,2025-12-01 17:40:00,-1.133464126426689,SL,0.65,10,0.65,-0.7367516821773479,0.0,0.0
USDJPY::EXTRA::USDV2_M2,USDJPY,USDV2_M2,SHORT,2025-12-01 17:45:00,2025-12-01 18:17:00,-1.1313911495244873,SL,0.65,10,0.65,-0.7354042471909168,0.0,0.0
USDJPY::EXTRA::USDV2_M2,USDJPY,USDV2_M2,SHORT,2025-12-03 17:05:00,2025-12-03 17:24:00,2.885559249249377,TP,0.65,10,0.65,1.8756135120120951,0.0,0.0
EURUSD::NEW::ASIA_SWEEP_EXPANSION_FVG_SHORT,EURUSD,ASIA_SWEEP_EXPANSION_FVG_SHORT,SHORT,2025-12-04 16:35:00,2025-12-04 18:37:00,2.8068965517239484,TP,0.65,20,0.65,1.8244827586205665,0.0,0.0
USDJPY::BASE::NY_OR30_BREAK_CONT_LONG,USDJPY,NY_OR30_BREAK_CONT_LONG,LONG,2025-12-04 18:40:00,2025-12-04 22:51:00,1.7731286846965473,TP,0.5,11,0.5,0.8865643423482736,0.0,0.0
USDJPY::BASE::LONDON_OR_FALSE_REV_LONG,USDJPY,LONDON_OR_FALSE_REV_LONG,LONG,2025-12-11 11:10:00,2025-12-11 11:34:00,-1.5323273854911523,SL,0.65,9,0.65,-0.996012800569249,0.0,0.0
USDJPY::BASE::NY_OR30_BREAK_CONT_LONG,USDJPY,NY_OR30_BREAK_CONT_LONG,LONG,2025-12-11 18:00:00,2025-12-11 21:57:00,1.8463831557287167,TP,0.5,11,0.5,0.9231915778643583,0.0,0.0
USDJPY::BASE::LONDON_OR_BREAK_CONT_SHORT,USDJPY,LONDON_OR_BREAK_CONT_SHORT,SHORT,2025-12-15 11:05:00,2025-12-15 16:00:00,-1.0997314729574794,SL,0.5,12,0.5,-0.5498657364787397,0.0,0.0
GBPJPY::BASE::LONDON_OR_FALSE_REV_LONG,GBPJPY,LONDON_OR_FALSE_REV_LONG,LONG,2025-12-16 10:40:00,2025-12-16 11:30:00,2.8000913501436493,TP,0.65,7,0.65,1.820059377593372,0.0,0.0
USDJPY::BASE::LONDON_OR_BREAK_CONT_SHORT,USDJPY,LONDON_OR_BREAK_CONT_SHORT,SHORT,2025-12-16 10:55:00,2025-12-16 15:30:00,3.35113854972776,TP,0.5,12,0.5,1.67556927486388,0.0,0.65
USDJPY::BASE::LONDON_OR_FALSE_REV_LONG,USDJPY,LONDON_OR_FALSE_REV_LONG,LONG,2025-12-18 11:25:00,2025-12-18 13:02:00,-1.40996734278314,SL,0.65,9,0.65,-0.9164787728090411,0.0,0.0
EURUSD::NEW::ASIA_SWEEP_EXPANSION_FVG_SHORT,EURUSD,ASIA_SWEEP_EXPANSION_FVG_SHORT,SHORT,2025-12-18 16:35:00,2025-12-18 22:34:00,1.079377849289198,TIME,0.65,20,0.65,0.7015956020379788,0.0,0.0
EURUSD::NEW::ASIA_SWEEP_EXPANSION_FVG_SHORT,EURUSD,ASIA_SWEEP_EXPANSION_FVG_SHORT,SHORT,2025-12-19 16:35:00,2025-12-19 16:37:00,-1.2137404580150586,SL,0.65,20,0.65,-0.7889312977097881,0.0,0.0
USDJPY::BASE::NY_OR30_BREAK_CONT_LONG,USDJPY,NY_OR30_BREAK_CONT_LONG,LONG,2025-12-19 17:15:00,2025-12-19 23:14:00,0.9415353000063528,TIME,0.5,11,0.5,0.4707676500031764,0.0,0.0
GBPJPY::BASE::NY_OR30_BREAK_CONT_LONG,GBPJPY,NY_OR30_BREAK_CONT_LONG,LONG,2025-12-19 18:10:00,2025-12-19 21:09:00,1.160678578148978,TIME,0.8,5,0.8,0.9285428625191824,0.0,0.5
GBPJPY::NEW::LONDON_SWEEP_EXPANSION_LONG_V7,GBPJPY,LONDON_SWEEP_EXPANSION_LONG_V7,LONG,2025-12-23 10:05:00,2025-12-23 11:00:00,-1.184926879293427,SL,0.8,21,0.8,-0.9479415034347417,0.0,0.0
USDJPY::BASE::LONDON_OR_BREAK_CONT_SHORT,USDJPY,LONDON_OR_BREAK_CONT_SHORT,SHORT,2025-12-23 11:05:00,2025-12-23 11:27:00,-1.07982592592597,SL,0.5,12,0.5,-0.539912962962985,0.0,0.0
EURUSD::BASE::E2_SHORT,EURUSD,E2_SHORT,SHORT,2025-12-23 16:35:00,2025-12-23 16:38:00,-1.1966292134831318,SL,0.65,1,0.65,-0.7778089887640357,0.0,0.0
USDJPY::BASE::LONDON_OR_BREAK_CONT_SHORT,USDJPY,LONDON_OR_BREAK_CONT_SHORT,SHORT,2025-12-24 11:05:00,2025-12-24 11:29:00,-1.096860135574293,SL,0.5,12,0.5,-0.5484300677871465,0.0,0.0
EURUSD::BASE::E2_SHORT,EURUSD,E2_SHORT,SHORT,2026-01-09 16:35:00,2026-01-09 19:34:00,0.3229308005428133,TIME,0.65,1,0.65,0.20990502035282865,0.0,0.0
GBPJPY::BASE::LONDON_OR_FALSE_REV_LONG,GBPJPY,LONDON_OR_FALSE_REV_LONG,LONG,2026-01-12 11:00:00,2026-01-12 16:59:00,2.380714448051983,TIME,0.65,7,0.65,1.5474643912337889,0.0,0.0
EURUSD::NEW::ASIA_SWEEP_EXPANSION_FVG_SHORT,EURUSD,ASIA_SWEEP_EXPANSION_FVG_SHORT,SHORT,2026-01-13 16:35:00,2026-01-13 17:30:00,2.8544698544698828,TP,0.65,20,0.65,1.8554054054054239,0.0,0.0
USDJPY::BASE::NY_OR30_BREAK_CONT_LONG,USDJPY,NY_OR30_BREAK_CONT_LONG,LONG,2026-01-14 20:10:00,2026-01-14 22:45:00,1.6860066666666915,TP,0.5,11,0.5,0.8430033333333458,0.0,0.0
USDJPY::BASE::LONDON_OR_BREAK_CONT_SHORT,USDJPY,LONDON_OR_BREAK_CONT_SHORT,SHORT,2026-01-16 10:25:00,2026-01-16 16:24:00,-0.2546130452544348,TIME,0.5,12,0.5,-0.1273065226272174,0.0,0.0
USDJPY::EXTRA::USDV2_M2,USDJPY,USDV2_M2,SHORT,2026-01-16 17:45:00,2026-01-16 23:44:00,0.5974220839581333,TIME,0.65,10,0.65,0.3883243545727867,0.0,0.0
USDJPY::BASE::LONDON_OR_FALSE_REV_LONG,USDJPY,LONDON_OR_FALSE_REV_LONG,LONG,2026-01-21 10:35:00,2026-01-21 13:34:00,-0.0004667741074287,TIME,0.65,9,0.65,-0.000303403169828655,0.0,0.0
EURUSD::NEW::ASIA_SWEEP_EXPANSION_FVG_SHORT,EURUSD,ASIA_SWEEP_EXPANSION_FVG_SHORT,SHORT,2026-01-21 16:35:00,2026-01-21 18:22:00,2.871794871794949,TP,0.65,20,0.65,1.8666666666667169,0.0,0.0
USDJPY::EXTRA::USDV2_M2,USDJPY,USDV2_M2,SHORT,2026-01-21 16:40:00,2026-01-21 16:57:00,-1.123418310756882,SL,0.65,10,0.65,-0.7302219019919733,0.0,0.65
EURUSD::BASE::E2_SHORT,EURUSD,E2_SHORT,SHORT,2026-01-21 16:50:00,2026-01-21 18:22:00,2.87499999999989,TP,0.65,1,0.3999999999999999,1.1499999999999557,0.65,1.3
GBPJPY::NEW::LONDON_SWEEP_EXPANSION_LONG_V7,GBPJPY,LONDON_SWEEP_EXPANSION_LONG_V7,LONG,2026-01-22 10:40:00,2026-01-22 12:04:00,3.655202359520072,TP,0.8,21,0.8,2.9241618876160578,0.0,0.0
EURUSD::BASE::E1_SHORT,EURUSD,E1_SHORT,SHORT,2026-01-23 18:35:00,2026-01-23 18:48:00,-1.1542776998596478,SL,0.8,0,0.8,-0.9234221598877183,0.0,0.0
USDJPY::BASE::LONDON_OR_BREAK_CONT_SHORT,USDJPY,LONDON_OR_BREAK_CONT_SHORT,SHORT,2026-01-26 10:30:00,2026-01-26 15:03:00,-1.0442425826057211,SL,0.5,12,0.5,-0.5221212913028606,0.0,0.0
USDJPY::BASE::NY_OR30_BREAK_CONT_LONG,USDJPY,NY_OR30_BREAK_CONT_LONG,LONG,2026-01-26 19:25:00,2026-01-27 01:26:00,1.0522704801863754,TIME,0.5,11,0.5,0.5261352400931877,0.0,0.0
GBPJPY::NEW::LONDON_SWEEP_EXPANSION_LONG_V7,GBPJPY,LONDON_SWEEP_EXPANSION_LONG_V7,LONG,2026-01-27 12:05:00,2026-01-27 12:43:00,-1.113328122314158,SL,0.8,21,0.8,-0.8906624978513265,0.0,0.0
USDJPY::BASE::LONDON_OR_FALSE_REV_LONG,USDJPY,LONDON_OR_FALSE_REV_LONG,LONG,2026-01-29 10:35:00,2026-01-29 11:41:00,-1.1952184587600283,SL,0.65,9,0.65,-0.7768919981940184,0.0,0.0
USDJPY::EXTRA::USDV2_M2,USDJPY,USDV2_M2,SHORT,2026-01-29 17:30:00,2026-01-29 17:40:00,2.9012703086013474,TP,0.65,10,0.65,1.8858257005908758,0.0,0.0
GBPJPY::BASE::LONDON_OR_FALSE_REV_LONG,GBPJPY,LONDON_OR_FALSE_REV_LONG,LONG,2026-02-03 11:20:00,2026-02-03 17:19:00,0.5150056166363217,TIME,0.65,7,0.65,0.33475365081360914,0.0,0.0
GBPJPY::BASE::NY_LONDON_SWEEP_REV_LONG,GBPJPY,NY_LONDON_SWEEP_REV_LONG,LONG,2026-02-04 17:10:00,2026-02-04 17:31:00,-1.625456088469022,SL,0.35,8,0.35,-0.5689096309641576,0.0,0.0
USDJPY::BASE::LONDON_OR_FALSE_REV_LONG,USDJPY,LONDON_OR_FALSE_REV_LONG,LONG,2026-02-05 11:20:00,2026-02-05 14:19:00,0.2979792916800751,TIME,0.65,9,0.65,0.19368653959204882,0.0,0.0
GBPJPY::NEW::LONDON_SWEEP_EXPANSION_LONG_V7,GBPJPY,LONDON_SWEEP_EXPANSION_LONG_V7,LONG,2026-02-05 11:55:00,2026-02-05 13:17:00,3.702240869359921,TP,0.8,21,0.8,2.961792695487937,0.0,0.65
EURUSD::NEW::ASIA_SWEEP_EXPANSION_FVG_SHORT,EURUSD,ASIA_SWEEP_EXPANSION_FVG_SHORT,SHORT,2026-02-05 16:35:00,2026-02-05 22:34:00,2.148105460308282,TIME,0.65,20,0.65,1.3962685492003832,0.0,0.0
USDJPY::BASE::LONDON_OR_FALSE_REV_LONG,USDJPY,LONDON_OR_FALSE_REV_LONG,LONG,2026-02-06 10:50:00,2026-02-06 13:16:00,3.411377020343733,TP,0.65,9,0.65,2.2173950632234263,0.0,0.0
GBPJPY::BASE::LONDON_OR_FALSE_REV_LONG,GBPJPY,LONDON_OR_FALSE_REV_LONG,LONG,2026-02-06 10:55:00,2026-02-06 13:30:00,2.793634765369068,TP,0.65,7,0.65,1.8158625974898943,0.0,0.65
EURUSD::BASE::E1_SHORT,EURUSD,E1_SHORT,SHORT,2026-02-06 16:45:00,2026-02-06 17:12:00,1.308027923211189,TP,0.8,0,0.8,1.0464223385689513,0.0,0.0
GBPJPY::BASE::NY_LONDON_SWEEP_REV_LONG,GBPJPY,NY_LONDON_SWEEP_REV_LONG,LONG,2026-02-09 17:05:00,2026-02-09 23:04:00,1.7708214062109222,TIME,0.35,8,0.35,0.6197874921738228,0.0,0.0
USDJPY::BASE::NY_OR30_BREAK_CONT_LONG,USDJPY,NY_OR30_BREAK_CONT_LONG,LONG,2026-02-09 17:45:00,2026-02-09 23:44:00,0.3626707301929266,TIME,0.5,11,0.5,0.1813353650964633,0.0,0.35
USDJPY::BASE::NY_OR30_BREAK_CONT_LONG,USDJPY,NY_OR30_BREAK_CONT_LONG,LONG,2026-02-10 20:30:00,2026-02-10 21:51:00,-1.2908326285135183,SL,0.5,11,0.5,-0.6454163142567592,0.0,0.0
EURUSD::BASE::E2_SHORT,EURUSD,E2_SHORT,SHORT,2026-02-13 16:35:00,2026-02-13 19:12:00,-1.1164725457571136,SL,0.65,1,0.65,-0.7257071547421239,0.0,0.0
GBPJPY::BASE::LONDON_OR_FALSE_REV_LONG,GBPJPY,LONDON_OR_FALSE_REV_LONG,LONG,2026-02-17 10:45:00,2026-02-17 10:51:00,-1.2482408308827526,SL,0.65,7,0.65,-0.8113565400737892,0.0,0.0
USDJPY::BASE::LONDON_OR_FALSE_REV_LONG,USDJPY,LONDON_OR_FALSE_REV_LONG,LONG,2026-02-18 10:25:00,2026-02-18 13:24:00,0.0020591140193936,TIME,0.65,9,0.65,0.00133842411260584,0.0,0.0
USDJPY::BASE::LONDON_OR_FALSE_REV_LONG,USDJPY,LONDON_OR_FALSE_REV_LONG,LONG,2026-02-20 10:45:00,2026-02-20 11:31:00,-1.1915626476951056,SL,0.65,9,0.65,-0.7745157210018186,0.0,0.0
EURUSD::BASE::E2_SHORT,EURUSD,E2_SHORT,SHORT,2026-02-20 16:35:00,2026-02-20 16:53:00,-1.1415571284126476,SL,0.65,1,0.65,-0.7420121334682209,0.0,0.0
EURUSD::NEW::ASIA_SWEEP_EXPANSION_FVG_SHORT,EURUSD,ASIA_SWEEP_EXPANSION_FVG_SHORT,SHORT,2026-02-20 16:35:00,2026-02-20 16:53:00,-1.1415571284126476,SL,0.65,20,0.4,-0.45662285136505903,0.65,0.65
GBPJPY::BASE::NY_LONDON_SWEEP_REV_LONG,GBPJPY,NY_LONDON_SWEEP_REV_LONG,LONG,2026-02-27 18:15:00,2026-02-27 22:24:00,2.7870948518205787,TP,0.35,8,0.35,0.9754831981372025,0.0,0.0
GBPJPY::NEW::LONDON_SWEEP_EXPANSION_LONG_V7,GBPJPY,LONDON_SWEEP_EXPANSION_LONG_V7,LONG,2026-03-02 10:45:00,2026-03-02 13:46:00,3.850053859429909,TP,0.8,21,0.8,3.0800430875439275,0.0,0.0
GBPJPY::NEW::LONDON_SWEEP_EXPANSION_LONG_V7,GBPJPY,LONDON_SWEEP_EXPANSION_LONG_V7,LONG,2026-03-04 11:10:00,2026-03-04 17:09:00,0.6623358240594915,TIME,0.8,21,0.8,0.5298686592475933,0.0,0.0
USDJPY::BASE::LONDON_OR_BREAK_CONT_SHORT,USDJPY,LONDON_OR_BREAK_CONT_SHORT,SHORT,2026-03-04 13:15:00,2026-03-04 14:10:00,3.183686841313127,TP,0.5,12,0.5,1.5918434206565635,0.0,0.8
USDJPY::BASE::LONDON_OR_FALSE_REV_LONG,USDJPY,LONDON_OR_FALSE_REV_LONG,LONG,2026-03-09 11:30:00,2026-03-09 12:09:00,-1.2845792046376965,SL,0.65,9,0.65,-0.8349764830145028,0.0,0.0
USDJPY::BASE::LONDON_OR_BREAK_CONT_SHORT,USDJPY,LONDON_OR_BREAK_CONT_SHORT,SHORT,2026-03-10 10:25:00,2026-03-10 11:44:00,-1.0949920115670462,SL,0.5,12,0.5,-0.5474960057835231,0.0,0.0
USDJPY::EXTRA::USDV2_M2,USDJPY,USDV2_M2,SHORT,2026-03-12 15:35:00,2026-03-12 16:15:00,-1.2022287272728354,SL,0.65,10,0.65,-0.781448672727343,0.0,0.0
GBPJPY::NEW::LONDON_SWEEP_EXPANSION_LONG_V7,GBPJPY,LONDON_SWEEP_EXPANSION_LONG_V7,LONG,2026-03-16 10:25:00,2026-03-16 10:35:00,-1.2704173007051702,SL,0.8,21,0.8,-1.0163338405641362,0.0,0.0
GBPJPY::BASE::LONDON_OR_FALSE_REV_LONG,GBPJPY,LONDON_OR_FALSE_REV_LONG,LONG,2026-03-17 11:30:00,2026-03-17 13:08:00,2.6909630833130533,TP,0.65,7,0.65,1.7491260041534846,0.0,0.0
GBPJPY::BASE::LONDON_OR_FALSE_REV_LONG,GBPJPY,LONDON_OR_FALSE_REV_LONG,LONG,2026-03-18 11:15:00,2026-03-18 11:22:00,-1.3008638116089166,SL,0.65,7,0.65,-0.8455614775457958,0.0,0.0
EURUSD::BASE::E2_SHORT,EURUSD,E2_SHORT,SHORT,2026-03-18 15:35:00,2026-03-18 16:12:00,2.88967691095345,TP,0.65,1,0.65,1.8782899921197427,0.0,0.0
EURUSD::NEW::ASIA_SWEEP_EXPANSION_FVG_SHORT,EURUSD,ASIA_SWEEP_EXPANSION_FVG_SHORT,SHORT,2026-03-18 15:35:00,2026-03-18 16:12:00,2.88967691095345,TP,0.65,20,0.4,1.1558707643813801,0.65,0.65
USDJPY::BASE::LONDON_OR_BREAK_CONT_SHORT,USDJPY,LONDON_OR_BREAK_CONT_SHORT,SHORT,2026-03-19 12:00:00,2026-03-19 16:50:00,3.431796560433721,TP,0.5,12,0.5,1.7158982802168605,0.0,0.0
USDJPY::BASE::LONDON_OR_FALSE_REV_LONG,USDJPY,LONDON_OR_FALSE_REV_LONG,LONG,2026-03-20 11:35:00,2026-03-20 12:27:00,3.489840345389629,TP,0.65,9,0.65,2.2683962245032587,0.0,0.0
EURUSD::BASE::E2_SHORT,EURUSD,E2_SHORT,SHORT,2026-03-23 15:35:00,2026-03-23 15:41:00,-1.0555555555555975,SL,0.65,1,0.65,-0.6861111111111384,0.0,0.0
GBPJPY::BASE::NY_OR30_BREAK_CONT_LONG,GBPJPY,NY_OR30_BREAK_CONT_LONG,LONG,2026-03-23 17:25:00,2026-03-23 18:46:00,-1.1251821651630298,SL,0.8,5,0.8,-0.9001457321304239,0.0,0.0
GBPJPY::BASE::LONDON_OR_FALSE_REV_LONG,GBPJPY,LONDON_OR_FALSE_REV_LONG,LONG,2026-03-25 10:45:00,2026-03-25 16:44:00,-0.4371196314827065,TIME,0.65,7,0.65,-0.2841277604637592,0.0,0.0
GBPJPY::BASE::NY_OR30_BREAK_CONT_LONG,GBPJPY,NY_OR30_BREAK_CONT_LONG,LONG,2026-03-27 16:25:00,2026-03-27 19:01:00,3.267827089442892,TP,0.8,5,0.8,2.6142616715543134,0.0,0.0
GBPJPY::NEW::LONDON_SWEEP_EXPANSION_LONG_V7,GBPJPY,LONDON_SWEEP_EXPANSION_LONG_V7,LONG,2026-03-31 10:55:00,2026-03-31 15:00:00,3.469206183190217,TP,0.8,21,0.8,2.7753649465521737,0.0,0.0
USDJPY::BASE::LONDON_OR_BREAK_CONT_SHORT,USDJPY,LONDON_OR_BREAK_CONT_SHORT,SHORT,2026-04-08 10:45:00,2026-04-08 11:28:00,-1.0931025330979471,SL,0.5,12,0.5,-0.5465512665489736,0.0,0.0
USDJPY::BASE::NY_OR30_BREAK_CONT_LONG,USDJPY,NY_OR30_BREAK_CONT_LONG,LONG,2026-04-08 18:10:00,2026-04-08 22:00:00,1.82304759358284,TP,0.5,11,0.5,0.91152379679142,0.0,0.0
GBPJPY::BASE::LONDON_OR_FALSE_REV_LONG,GBPJPY,LONDON_OR_FALSE_REV_LONG,LONG,2026-04-09 10:35:00,2026-04-09 12:05:00,2.7014640740479594,TP,0.65,7,0.65,1.7559516481311737,0.0,0.0
GBPJPY::BASE::LONDON_OR_FALSE_REV_LONG,GBPJPY,LONDON_OR_FALSE_REV_LONG,LONG,2026-04-10 11:25:00,2026-04-10 12:55:00,2.610895048439432,TP,0.65,7,0.65,1.697081781485631,0.0,0.0
EURUSD::BASE::E1_SHORT,EURUSD,E1_SHORT,SHORT,2026-04-10 16:30:00,2026-04-10 17:55:00,1.346582984658369,TP,0.8,0,0.8,1.0772663877266953,0.0,0.0
USDJPY::BASE::LONDON_OR_BREAK_CONT_SHORT,USDJPY,LONDON_OR_BREAK_CONT_SHORT,SHORT,2026-04-14 13:10:00,2026-04-14 19:09:00,-0.3710631473903571,TIME,0.5,12,0.5,-0.18553157369517856,0.0,0.0
EURUSD::BASE::E1_SHORT,EURUSD,E1_SHORT,SHORT,2026-04-17 15:55:00,2026-04-17 16:02:00,-1.123456790123461,SL,0.8,0,0.8,-0.8987654320987688,0.0,0.0
EURUSD::BASE::E1_SHORT,EURUSD,E1_SHORT,SHORT,2026-04-17 17:25:00,2026-04-17 18:03:00,1.4023957409050782,TP,0.8,0,0.8,1.1219165927240626,0.0,0.0
GBPJPY::BASE::LONDON_OR_FALSE_REV_LONG,GBPJPY,LONDON_OR_FALSE_REV_LONG,LONG,2026-04-20 10:35:00,2026-04-20 16:34:00,-0.9334374879025814,TIME,0.65,7,0.65,-0.6067343671366779,0.0,0.0
USDJPY::BASE::LONDON_OR_FALSE_REV_LONG,USDJPY,LONDON_OR_FALSE_REV_LONG,LONG,2026-04-20 10:35:00,2026-04-20 13:34:00,-0.0847257461420222,TIME,0.65,9,0.65,-0.055071734992314436,0.0,0.65
EURUSD::NEW::ASIA_SWEEP_EXPANSION_FVG_SHORT,EURUSD,ASIA_SWEEP_EXPANSION_FVG_SHORT,SHORT,2026-04-20 16:35:00,2026-04-20 16:43:00,-1.2376910016979812,SL,0.65,20,0.65,-0.8044991511036877,0.0,0.0
GBPJPY::BASE::LONDON_OR_FALSE_REV_LONG,GBPJPY,LONDON_OR_FALSE_REV_LONG,LONG,2026-04-21 11:35:00,2026-04-21 17:34:00,0.8198522608281513,TIME,0.65,7,0.65,0.5329039695382983,0.0,0.0
USDJPY::EXTRA::USDV2_M2,USDJPY,USDV2_M2,SHORT,2026-04-22 18:00:00,2026-04-22 18:16:00,-1.2005062387677394,SL,0.65,10,0.65,-0.7803290551990306,0.0,0.0
GBPJPY::BASE::NY_OR30_BREAK_CONT_LONG,GBPJPY,NY_OR30_BREAK_CONT_LONG,LONG,2026-04-22 18:15:00,2026-04-22 21:14:00,1.0573427727632403,TIME,0.8,5,0.8,0.8458742182105923,0.0,0.65
EURUSD::BASE::E1_SHORT,EURUSD,E1_SHORT,SHORT,2026-04-24 15:10:00,2026-04-24 16:34:00,1.357697283311783,TP,0.8,0,0.8,1.0861578266494265,0.0,0.0
USDJPY::EXTRA::USDV2_M2,USDJPY,USDV2_M2,SHORT,2026-04-24 16:35:00,2026-04-24 17:12:00,2.79360656992087,TP,0.65,10,0.65,1.8158442704485656,0.0,0.0
USDJPY::BASE::LONDON_OR_BREAK_CONT_SHORT,USDJPY,LONDON_OR_BREAK_CONT_SHORT,SHORT,2026-04-27 10:25:00,2026-04-27 16:24:00,0.301553131313335,TIME,0.5,12,0.5,0.1507765656566675,0.0,0.0
USDJPY::EXTRA::USDV2_M2,USDJPY,USDV2_M2,SHORT,2026-04-27 16:50:00,2026-04-27 16:57:00,-1.230507001477298,SL,0.65,10,0.65,-0.7998295509602438,0.0,0.0
GBPJPY::BASE::NY_OR30_BREAK_CONT_LONG,GBPJPY,NY_OR30_BREAK_CONT_LONG,LONG,2026-04-28 17:20:00,2026-04-28 20:19:00,1.0386679859637784,TIME,0.8,5,0.8,0.8309343887710228,0.0,0.0
GBPJPY::BASE::LONDON_OR_FALSE_REV_LONG,GBPJPY,LONDON_OR_FALSE_REV_LONG,LONG,2026-04-30 10:35:00,2026-04-30 10:56:00,-1.254271965520565,SL,0.65,7,0.65,-0.8152767775883673,0.0,0.0
USDJPY::EXTRA::USDV2_M2,USDJPY,USDV2_M2,SHORT,2026-05-01 16:50:00,2026-05-01 16:50:00,2.833954097297484,TP,0.65,10,0.65,1.8420701632433647,0.0,0.0
USDJPY::BASE::NY_OR30_BREAK_CONT_LONG,USDJPY,NY_OR30_BREAK_CONT_LONG,LONG,2026-05-01 19:00:00,2026-05-01 21:06:00,1.7651820965675191,TP,0.5,11,0.5,0.8825910482837596,0.0,0.0
USDJPY::BASE::LONDON_OR_FALSE_REV_LONG,USDJPY,LONDON_OR_FALSE_REV_LONG,LONG,2026-05-04 13:05:00,2026-05-04 16:04:00,0.1244011104532045,TIME,0.65,9,0.65,0.08086072179458292,0.0,0.0
USDJPY::BASE::NY_OR30_BREAK_CONT_LONG,USDJPY,NY_OR30_BREAK_CONT_LONG,LONG,2026-05-05 20:10:00,2026-05-06 00:00:00,-1.447482514506622,SL,0.5,11,0.5,-0.723741257253311,0.0,0.0
GBPJPY::BASE::LONDON_OR_FALSE_REV_LONG,GBPJPY,LONDON_OR_FALSE_REV_LONG,LONG,2026-05-06 12:30:00,2026-05-06 12:49:00,-1.2388791226536493,SL,0.65,7,0.65,-0.8052714297248721,0.0,0.0
USDJPY::BASE::NY_OR30_BREAK_CONT_LONG,USDJPY,NY_OR30_BREAK_CONT_LONG,LONG,2026-05-06 18:10:00,2026-05-07 00:05:00,-1.1888978951678717,SL,0.5,11,0.5,-0.5944489475839358,0.0,0.0
USDJPY::BASE::LONDON_OR_FALSE_REV_LONG,USDJPY,LONDON_OR_FALSE_REV_LONG,LONG,2026-05-07 10:35:00,2026-05-07 13:34:00,0.5509716353337536,TIME,0.65,9,0.65,0.3581315629669399,0.0,0.0
EURUSD::BASE::E1_SHORT,EURUSD,E1_SHORT,SHORT,2026-05-08 16:40:00,2026-05-08 19:39:00,0.6429391504020494,TIME,0.8,0,0.8,0.5143513203216395,0.0,0.0
GBPJPY::BASE::NY_OR30_BREAK_CONT_LONG,GBPJPY,NY_OR30_BREAK_CONT_LONG,LONG,2026-05-12 18:35:00,2026-05-12 21:34:00,-0.0529877467621661,TIME,0.8,5,0.8,-0.042390197409732884,0.0,0.0
USDJPY::BASE::LONDON_OR_FALSE_REV_LONG,USDJPY,LONDON_OR_FALSE_REV_LONG,LONG,2026-05-13 10:40:00,2026-05-13 13:39:00,1.5604197026019346,TIME,0.65,9,0.65,1.0142728066912576,0.0,0.0
GBPJPY::BASE::NY_OR30_BREAK_CONT_LONG,GBPJPY,NY_OR30_BREAK_CONT_LONG,LONG,2026-05-13 17:55:00,2026-05-13 20:54:00,0.1827004132232476,TIME,0.8,5,0.8,0.1461603305785981,0.0,0.0
USDJPY::BASE::LONDON_OR_FALSE_REV_LONG,USDJPY,LONDON_OR_FALSE_REV_LONG,LONG,2026-05-14 11:00:00,2026-05-14 13:59:00,-0.2026982323229489,TIME,0.65,9,0.65,-0.1317538510099168,0.0,0.0
EURUSD::BASE::E2_SHORT,EURUSD,E2_SHORT,SHORT,2026-05-25 16:35:00,2026-05-25 17:46:00,-1.4069767441863297,SL,0.65,1,0.65,-0.9145348837211144,0.0,0.0
EURUSD::NEW::ASIA_SWEEP_EXPANSION_FVG_SHORT,EURUSD,ASIA_SWEEP_EXPANSION_FVG_SHORT,SHORT,2026-05-25 16:35:00,2026-05-25 17:46:00,-1.4069767441863297,SL,0.65,20,0.4,-0.5627906976745319,0.65,0.65
USDJPY::BASE::LONDON_OR_FALSE_REV_LONG,USDJPY,LONDON_OR_FALSE_REV_LONG,LONG,2026-05-27 11:15:00,2026-05-27 12:15:00,-1.8251719761070708,SL,0.65,9,0.65,-1.1863617844695962,0.0,0.0
EURUSD::BASE::E1_SHORT,EURUSD,E1_SHORT,SHORT,2026-05-29 18:00:00,2026-05-29 18:10:00,-1.1392405063291977,SL,0.8,0,0.8,-0.9113924050633582,0.0,0.0
GBPJPY::NEW::LONDON_SWEEP_EXPANSION_LONG_V7,GBPJPY,LONDON_SWEEP_EXPANSION_LONG_V7,LONG,2026-06-01 11:15:00,2026-06-01 12:36:00,-1.3489990762441812,SL,0.8,21,0.8,-1.0791992609953451,0.0,0.0
EURUSD::BASE::E2_SHORT,EURUSD,E2_SHORT,SHORT,2026-06-02 16:35:00,2026-06-02 16:37:00,-1.330188679245467,SL,0.65,1,0.65,-0.8646226415095535,0.0,0.0
EURUSD::NEW::ASIA_SWEEP_EXPANSION_FVG_SHORT,EURUSD,ASIA_SWEEP_EXPANSION_FVG_SHORT,SHORT,2026-06-02 16:35:00,2026-06-02 16:37:00,-1.330188679245467,SL,0.65,20,0.4,-0.5320754716981868,0.65,0.65
USDJPY::BASE::NY_OR30_BREAK_CONT_LONG,USDJPY,NY_OR30_BREAK_CONT_LONG,LONG,2026-06-03 20:15:00,2026-06-04 00:00:00,-1.529846951803372,SL,0.5,11,0.5,-0.764923475901686,0.0,0.0
USDJPY::BASE::LONDON_OR_FALSE_REV_LONG,USDJPY,LONDON_OR_FALSE_REV_LONG,LONG,2026-06-05 11:00:00,2026-06-05 11:11:00,-2.187854769450443,SL,0.65,9,0.65,-1.422105600142788,0.0,0.0
EURUSD::BASE::E2_SHORT,EURUSD,E2_SHORT,SHORT,2026-06-05 16:35:00,2026-06-05 17:43:00,2.8895899053627336,TP,0.65,1,0.65,1.8782334384857768,0.0,0.0
USDJPY::BASE::NY_OR30_BREAK_CONT_LONG,USDJPY,NY_OR30_BREAK_CONT_LONG,LONG,2026-06-05 17:20:00,2026-06-05 23:19:00,-0.1793682771774107,TIME,0.5,11,0.5,-0.08968413858870534,0.0,0.65
GBPJPY::BASE::LONDON_OR_FALSE_REV_LONG,GBPJPY,LONDON_OR_FALSE_REV_LONG,LONG,2026-06-08 11:30:00,2026-06-08 11:41:00,-1.3774937297070613,SL,0.65,7,0.65,-0.8953709243095899,0.0,0.0
USDJPY::EXTRA::USDV2_M2,USDJPY,USDV2_M2,SHORT,2026-06-08 16:50:00,2026-06-08 16:50:00,-1.4404494382017046,SL,0.65,10,0.65,-0.936292134831108,0.0,0.0
USDJPY::EXTRA::USDV2_M2,USDJPY,USDV2_M2,SHORT,2026-06-08 17:20:00,2026-06-08 17:20:00,-1.3953028715365756,SL,0.65,10,0.65,-0.9069468664987742,0.0,0.0
EURUSD::NEW::ASIA_SWEEP_EXPANSION_FVG_SHORT,EURUSD,ASIA_SWEEP_EXPANSION_FVG_SHORT,SHORT,2026-06-10 16:35:00,2026-06-10 16:35:00,-1.1616628175519634,SL,0.65,20,0.65,-0.7550808314087762,0.0,0.0
GBPJPY::BASE::NY_OR30_BREAK_CONT_LONG,GBPJPY,NY_OR30_BREAK_CONT_LONG,LONG,2026-06-11 20:35:00,2026-06-11 20:50:00,-1.1769952590419708,SL,0.8,5,0.8,-0.9415962072335766,0.0,0.0
USDJPY::BASE::LONDON_OR_BREAK_CONT_SHORT,USDJPY,LONDON_OR_BREAK_CONT_SHORT,SHORT,2026-06-17 10:45:00,2026-06-17 14:11:00,-1.2970073061910157,SL,0.5,12,0.5,-0.6485036530955078,0.0,0.0
USDJPY::BASE::LONDON_OR_FALSE_REV_LONG,USDJPY,LONDON_OR_FALSE_REV_LONG,LONG,2026-06-18 12:10:00,2026-06-18 15:09:00,1.2580620627193595,TIME,0.65,9,0.65,0.8177403407675837,0.0,0.0
USDJPY::BASE::NY_OR30_BREAK_CONT_LONG,USDJPY,NY_OR30_BREAK_CONT_LONG,LONG,2026-06-18 18:20:00,2026-06-18 18:35:00,1.4309632942324764,TP,0.5,11,0.5,0.7154816471162382,0.0,0.0
GBPJPY::BASE::LONDON_OR_FALSE_REV_LONG,GBPJPY,LONDON_OR_FALSE_REV_LONG,LONG,2026-06-19 11:20:00,2026-06-19 17:19:00,0.1330967419863735,TIME,0.65,7,0.65,0.08651288229114278,0.0,0.0
GBPJPY::BASE::NY_OR30_BREAK_CONT_LONG,GBPJPY,NY_OR30_BREAK_CONT_LONG,LONG,2026-06-19 18:45:00,2026-06-19 20:40:00,3.0739653998391563,TP,0.8,5,0.8,2.459172319871325,0.0,0.0
GBPJPY::NEW::LONDON_SWEEP_EXPANSION_LONG_V7,GBPJPY,LONDON_SWEEP_EXPANSION_LONG_V7,LONG,2026-06-22 10:05:00,2026-06-22 10:15:00,3.124338339649226,TP,0.8,21,0.8,2.499470671719381,0.0,0.0
USDJPY::BASE::NY_OR30_BREAK_CONT_LONG,USDJPY,NY_OR30_BREAK_CONT_LONG,LONG,2026-06-23 17:15:00,2026-06-23 23:14:00,0.0201952925123162,TIME,0.5,11,0.5,0.0100976462561581,0.0,0.0
GBPJPY::NEW::LONDON_SWEEP_EXPANSION_LONG_V7,GBPJPY,LONDON_SWEEP_EXPANSION_LONG_V7,LONG,2026-06-24 11:30:00,2026-06-24 13:00:00,-1.2431585078908505,SL,0.8,21,0.8,-0.9945268063126804,0.0,0.0
USDJPY::BASE::LONDON_OR_FALSE_REV_LONG,USDJPY,LONDON_OR_FALSE_REV_LONG,LONG,2026-06-24 11:40:00,2026-06-24 14:00:00,-1.6350118704056098,SL,0.65,9,0.65,-1.0627577157636463,0.0,0.8
GBPJPY::BASE::NY_LONDON_SWEEP_REV_LONG,GBPJPY,NY_LONDON_SWEEP_REV_LONG,LONG,2026-06-24 18:00:00,2026-06-25 00:01:00,1.150676427538352,TIME,0.35,8,0.35,0.4027367496384232,0.0,0.0
USDJPY::EXTRA::USDV2_M2,USDJPY,USDV2_M2,SHORT,2026-06-26 18:00:00,2026-06-26 18:01:00,-1.3107445490194252,SL,0.65,10,0.65,-0.8519839568626264,0.0,0.0
GBPJPY::NEW::LONDON_SWEEP_EXPANSION_LONG_V7,GBPJPY,LONDON_SWEEP_EXPANSION_LONG_V7,LONG,2026-07-02 10:20:00,2026-07-02 11:48:00,-1.1607753572783044,SL,0.8,21,0.8,-0.9286202858226436,0.0,0.0
USDJPY::BASE::LONDON_OR_BREAK_CONT_SHORT,USDJPY,LONDON_OR_BREAK_CONT_SHORT,SHORT,2026-07-02 10:40:00,2026-07-02 16:39:00,1.2852396899905485,TIME,0.5,12,0.5,0.6426198449952742,0.0,0.8
USDJPY::BASE::NY_OR30_BREAK_CONT_LONG,USDJPY,NY_OR30_BREAK_CONT_LONG,LONG,2026-07-03 18:00:00,2026-07-03 23:46:00,1.3981760847109388,TP,0.5,11,0.5,0.6990880423554694,0.0,0.0
USDJPY::BASE::NY_OR30_BREAK_CONT_LONG,USDJPY,NY_OR30_BREAK_CONT_LONG,LONG,2026-07-07 18:50:00,2026-07-07 22:05:00,1.3544912023462232,TP,0.5,11,0.5,0.6772456011731116,0.0,0.0
USDJPY::BASE::NY_OR30_BREAK_CONT_LONG,USDJPY,NY_OR30_BREAK_CONT_LONG,LONG,2026-07-10 17:45:00,2026-07-10 18:14:00,-1.2941598411298274,SL,0.5,11,0.5,-0.6470799205649137,0.0,0.0
USDJPY::BASE::NY_OR30_BREAK_CONT_LONG,USDJPY,NY_OR30_BREAK_CONT_LONG,LONG,2026-07-14 18:35:00,2026-07-14 21:41:00,1.7375963367739975,TP,0.5,11,0.5,0.8687981683869987,0.0,0.0
USDJPY::BASE::LONDON_OR_FALSE_REV_LONG,USDJPY,LONDON_OR_FALSE_REV_LONG,LONG,2026-07-16 10:30:00,2026-07-16 13:29:00,0.5388289556176773,TIME,0.65,9,0.65,0.35023882115149024,0.0,0.0
GBPJPY::BASE::NY_LONDON_SWEEP_REV_LONG,GBPJPY,NY_LONDON_SWEEP_REV_LONG,LONG,2026-07-21 16:50:00,2026-07-21 17:06:00,2.458182523817912,TP,0.35,8,0.35,0.8603638833362691,0.0,0.0
GBPJPY::BASE::NY_OR30_BREAK_CONT_LONG,GBPJPY,NY_OR30_BREAK_CONT_LONG,LONG,2026-07-21 18:45:00,2026-07-21 21:44:00,1.9179852752883697,TIME,0.8,5,0.8,1.5343882202306958,0.0,0.0
USDJPY::BASE::LONDON_OR_BREAK_CONT_SHORT,USDJPY,LONDON_OR_BREAK_CONT_SHORT,SHORT,2026-07-22 11:35:00,2026-07-22 15:56:00,-1.1716630465051447,SL,0.5,12,0.5,-0.5858315232525724,0.0,0.0
USDJPY::BASE::NY_OR30_BREAK_CONT_LONG,USDJPY,NY_OR30_BREAK_CONT_LONG,LONG,2026-07-22 18:00:00,2026-07-23 00:01:00,-0.9968488936285456,TIME,0.5,11,0.5,-0.4984244468142728,0.0,0.0
USDJPY::BASE::NY_OR30_BREAK_CONT_LONG,USDJPY,NY_OR30_BREAK_CONT_LONG,LONG,2026-07-23 17:50:00,2026-07-23 18:02:00,-1.3153831525395978,SL,0.5,11,0.5,-0.6576915762697989,0.0,0.0
USDJPY::BASE::LONDON_OR_FALSE_REV_LONG,USDJPY,LONDON_OR_FALSE_REV_LONG,LONG,2026-07-27 11:00:00,2026-07-27 13:59:00,0.5237398871341896,TIME,0.65,9,0.65,0.34043092663722324,0.0,0.0
GBPJPY::BASE::LONDON_OR_FALSE_REV_LONG,GBPJPY,LONDON_OR_FALSE_REV_LONG,LONG,2026-07-30 10:45:00,2026-07-30 12:15:00,2.592140537603568,TP,0.65,7,0.65,1.6848913494423192,0.0,0.0
EURUSD::NEW::ASIA_SWEEP_EXPANSION_FVG_SHORT,EURUSD,ASIA_SWEEP_EXPANSION_FVG_SHORT,SHORT,2026-07-30 16:35:00,2026-07-30 16:36:00,-1.176544766708561,SL,0.65,20,0.65,-0.7647540983605646,0.0,0.0
GBPJPY::NEW::LONDON_SWEEP_EXPANSION_LONG_V7,GBPJPY,LONDON_SWEEP_EXPANSION_LONG_V7,LONG,2026-07-31 10:05:00,2026-07-31 10:54:00,-1.1471102442136532,SL,0.8,21,0.8,-0.9176881953709226,0.0,0.0
USDJPY::BASE::LONDON_OR_BREAK_CONT_SHORT,USDJPY,LONDON_OR_BREAK_CONT_SHORT,SHORT,2026-07-31 11:00:00,2026-07-31 11:57:00,3.455611974002162,TP,0.5,12,0.5,1.727805987001081,0.0,0.0
GBPJPY::BASE::NY_LONDON_SWEEP_REV_LONG,GBPJPY,NY_LONDON_SWEEP_REV_LONG,LONG,2026-07-31 17:15:00,2026-07-31 20:09:00,2.8883645678947203,TP,0.35,8,0.35,1.010927598763152,0.0,0.0
USDJPY::BASE::LONDON_OR_BREAK_CONT_SHORT,USDJPY,LONDON_OR_BREAK_CONT_SHORT,SHORT,2026-08-03 10:35:00,2026-08-03 10:46:00,-1.056480161855904,SL,0.5,12,0.5,-0.528240080927952,0.0,0.0
USDJPY::BASE::LONDON_OR_FALSE_REV_LONG,USDJPY,LONDON_OR_FALSE_REV_LONG,LONG,2026-08-03 11:40:00,2026-08-03 14:39:00,0.3536758094958593,TIME,0.65,9,0.65,0.22988927617230856,0.0,0.0
USDJPY::BASE::NY_OR30_BREAK_CONT_LONG,USDJPY,NY_OR30_BREAK_CONT_LONG,LONG,2026-08-03 17:40:00,2026-08-03 23:28:00,1.8904101025933704,TP,0.5,11,0.5,0.9452050512966852,0.0,0.0
GBPJPY::BASE::NY_OR30_BREAK_CONT_LONG,GBPJPY,NY_OR30_BREAK_CONT_LONG,LONG,2026-08-03 18:50:00,2026-08-03 19:17:00,-1.1266701880530217,SL,0.8,5,0.8,-0.9013361504424173,0.0,0.5
USDJPY::BASE::LONDON_OR_FALSE_REV_LONG,USDJPY,LONDON_OR_FALSE_REV_LONG,LONG,2026-08-04 10:40:00,2026-08-04 13:39:00,0.6215991438001116,TIME,0.65,9,0.65,0.40403944347007253,0.0,0.0
USDJPY::BASE::NY_OR30_BREAK_CONT_LONG,USDJPY,NY_OR30_BREAK_CONT_LONG,LONG,2026-08-04 19:05:00,2026-08-04 22:04:00,1.7169075947195958,TP,0.5,11,0.5,0.8584537973597979,0.0,0.0
USDJPY::BASE::LONDON_OR_FALSE_REV_LONG,USDJPY,LONDON_OR_FALSE_REV_LONG,LONG,2026-08-06 10:45:00,2026-08-06 13:44:00,-0.4779531060608435,TIME,0.65,9,0.65,-0.3106695189395483,0.0,0.0
USDJPY::BASE::LONDON_OR_FALSE_REV_LONG,USDJPY,LONDON_OR_FALSE_REV_LONG,LONG,2026-08-07 10:25:00,2026-08-07 12:41:00,-1.6077536737689564,SL,0.65,9,0.65,-1.0450398879498217,0.0,0.0
EURUSD::BASE::E1_SHORT,EURUSD,E1_SHORT,SHORT,2026-08-07 15:40:00,2026-08-07 16:58:00,1.375986471251377,TP,0.8,0,0.8,1.1007891770011016,0.0,0.0
EURUSD::BASE::E1_SHORT,EURUSD,E1_SHORT,SHORT,2026-08-07 17:25:00,2026-08-07 20:24:00,-0.1963048498844701,TIME,0.8,0,0.8,-0.1570438799075761,0.0,0.0
USDJPY::BASE::NY_OR30_BREAK_CONT_LONG,USDJPY,NY_OR30_BREAK_CONT_LONG,LONG,2026-08-07 17:30:00,2026-08-07 18:38:00,-1.162876508696596,SL,0.5,11,0.5,-0.581438254348298,0.0,0.8
